Total_job,Posted_date,Country_name,Job_type,Website,Total
0,02/25/2021,Singapore,TEFL,Indeed,0
0,02/25/2021,Nigeria,TEFL,Indeed,0
0,02/25/2021,Ireland,TEFL,Indeed,0
0,02/25/2021,Hong Kong,TEFL,Indeed,0
0,02/25/2021,Pakistan,TEFL,Indeed,0
0,02/25/2021,Kuwait,TEFL,Indeed,0
0,02/25/2021,Luxembourg,TEFL,Indeed,0
0,02/25/2021,New Zealand,TEFL,Indeed,0
0,02/25/2021,Malaysia,TEFL,Indeed,0
0,02/25/2021,India,TEFL,Indeed,0
0,02/25/2021,Philippines,TEFL,Indeed,0
0,02/25/2021,Australia,TEFL,Indeed,0
0,02/25/2021,Indonesia,TEFL,Indeed,0
0,02/25/2021,Argentina,TEFL,Indeed,0
0,02/25/2021,Austria,TEFL,Indeed,0
0,02/25/2021,Germany,TEFL,Indeed,0
0,02/25/2021,Portugal,TEFL,Indeed,0
0,02/25/2021,Kuwait,Auto Service,Indeed,0
0,02/25/2021,Luxembourg,Auto Service,Indeed,0
0,02/25/2021,Indonesia,Auto Service,Indeed,0
0,02/25/2021,Luxembourg,Public Health,Indeed,0
0,02/25/2021,Indonesia,Public Health,Indeed,0
0,02/25/2021,Belgium,Public Health,Indeed,0
0,02/25/2021,Portugal,Public Health,Indeed,0
0,02/25/2021,Saudi Arabia,Marriage Family,Indeed,0
0,02/25/2021,Singapore,Marriage Family,Indeed,0
0,02/25/2021,Nigeria,Marriage Family,Indeed,0
0,02/25/2021,Pakistan,Marriage Family,Indeed,0
0,02/25/2021,Kuwait,Marriage Family,Indeed,0
0,02/25/2021,Luxembourg,Marriage Family,Indeed,0
0,02/25/2021,South Africa,Marriage Family,Indeed,0
0,02/25/2021,New Zealand,Marriage Family,Indeed,0
0,02/25/2021,India,Marriage Family,Indeed,0
0,02/25/2021,Philippines,Marriage Family,Indeed,0
0,02/25/2021,Indonesia,Marriage Family,Indeed,0
0,02/25/2021,Argentina,Marriage Family,Indeed,0
0,02/25/2021,Austria,Marriage Family,Indeed,0
0,02/25/2021,Germany,Marriage Family,Indeed,0
0,02/25/2021,Brazil,Marriage Family,Indeed,0
0,02/25/2021,Portugal,Marriage Family,Indeed,0
0,02/25/2021,Chile,Marriage Family,Indeed,0
0,02/25/2021,Portugal,Project Management,Indeed,0
0,02/25/2021,Nigeria,Hospitality Tourism,Indeed,0
0,02/25/2021,Ireland,Hospitality Tourism,Indeed,0
0,02/25/2021,Hong Kong,Hospitality Tourism,Indeed,0
0,02/25/2021,Kuwait,Hospitality Tourism,Indeed,0
0,02/25/2021,Luxembourg,Hospitality Tourism,Indeed,0
0,02/25/2021,New Zealand,Hospitality Tourism,Indeed,0
0,02/25/2021,Philippines,Hospitality Tourism,Indeed,0
0,02/25/2021,Austria,Hospitality Tourism,Indeed,0
0,02/25/2021,Germany,Hospitality Tourism,Indeed,0
0,02/25/2021,Portugal,Hospitality Tourism,Indeed,0
0,02/25/2021,Indonesia,Hospital Administration,Indeed,0
"
                    صفحة 1 من 1 وظائف",02/25/2021,Saudi Arabia,TEFL,Indeed,1
"
                    Page 1 of 1 jobs",02/25/2021,South Africa,TEFL,Indeed,1
"
                    Page 1 of 1,125 jobs",02/25/2021,United Kingdom,Database,Indeed,1
"
                    Page 1 of 1,985 jobs",02/25/2021,India,Database,Indeed,1
"
                    Seite 1 von 1.271 Jobs",02/25/2021,Germany,Accounting,Indeed,1
"
                    Page 1 of 1 jobs",02/25/2021,Nigeria,Auto Service,Indeed,1
"
                    Page 1 of 1,873 jobs",02/25/2021,Singapore,Communication,Indeed,1
"
                    Page 1 of 1,016 jobs",02/25/2021,Philippines,Communication,Indeed,1
"
                    Page 1 of 1 jobs",02/25/2021,Pakistan,Public Health,Indeed,1
"
                    Page 1 of 1 jobs",02/25/2021,Kuwait,Public Health,Indeed,1
"
                    Page 1 of 1 jobs",02/25/2021,Philippines,Public Health,Indeed,1
"
                    Page 1 of 1 jobs",02/25/2021,Ireland,Marriage Family,Indeed,1
"
                    Page 1 of 1 jobs",02/25/2021,Australia,Marriage Family,Indeed,1
"
                    Page 1 of 1 jobs",02/25/2021,Kuwait,Web Development,Indeed,1
"
                    Seite 1 von 1.542 Jobs",02/25/2021,Germany,Web Development,Indeed,1
"
                    Page 1 of 1,444 jobs",02/25/2021,United Kingdom,Computer Support,Indeed,1
"
                    Page 1 of 1,192 jobs",02/25/2021,India,Computer Support,Indeed,1
"
                    Halaman 1 dari 1 lowongan",02/25/2021,Indonesia,Computer Support,Indeed,1
"
                    Page 1 of 1,023 jobs",02/25/2021,Singapore,Project Management,Indeed,1
"
                    Page 1 of 1,896 jobs",02/25/2021,Australia,Project Management,Indeed,1
"
                    Page 1 of 1 jobs",02/25/2021,Pakistan,Hospitality Tourism,Indeed,1
"
                    Page 1 of 1 jobs",02/25/2021,Malaysia,Hospitality Tourism,Indeed,1
"
                    Halaman 1 dari 1 lowongan",02/25/2021,Indonesia,Hospitality Tourism,Indeed,1
"
                    Pagina 1 van 1 vacatures",02/25/2021,Belgium,Hospitality Tourism,Indeed,1
"
                    Página 1 de 1 vagas",02/25/2021,Brazil,Hospitality Tourism,Indeed,1
"
                    Página 1 de 1 empleos",02/25/2021,Chile,Hospitality Tourism,Indeed,1
"
                    Page 1 of 1,095 jobs",02/25/2021,Canada,Business Administration,Indeed,1
"
                    Page 1 of 1 jobs",02/25/2021,Kuwait,Business Administration,Indeed,1
"
                    Page 1 of 1,481 jobs",02/25/2021,United Kingdom,Business Administration,Indeed,1
"
                    Page 1 of 1,012 jobs",02/25/2021,India,Business Administration,Indeed,1
"
                    Seite 1 von 1 Jobs",02/25/2021,Austria,Hospital Administration,Indeed,1
"
                    صفحة 1 من 2 وظائف",02/25/2021,Saudi Arabia,Auto Service,Indeed,2
"
                    Page 1 of 2 jobs",02/25/2021,New Zealand,Public Health,Indeed,2
"
                    Página 1 de 2 empleos",02/25/2021,Argentina,Public Health,Indeed,2
"
                    Seite 1 von 2 Jobs",02/25/2021,Austria,Public Health,Indeed,2
"
                    Página 1 de 2 empleos",02/25/2021,Chile,Public Health,Indeed,2
"
                    Page 1 of 2,555 jobs",02/25/2021,India,Web Development,Indeed,2
"
                    Page 1 of 2,413 jobs",02/25/2021,Canada,Computer Support,Indeed,2
"
                    Page 1 of 2 jobs",02/25/2021,Singapore,Hospitality Tourism,Indeed,2
"
                    Page 1 of 2 jobs",02/25/2021,South Africa,Hospitality Tourism,Indeed,2
"
                    Página 1 de 2 empleos",02/25/2021,Argentina,Hospitality Tourism,Indeed,2
"
                    Pagina 1 van 2 vacatures",02/25/2021,Belgium,Business Administration,Indeed,2
"
                    Page 1 de 2 emplois",02/25/2021,Luxembourg,Hospital Administration,Indeed,2
"
                    Page 1 of 2 jobs",02/25/2021,India,Hospital Administration,Indeed,2
"
                    Pagina 1 van 3 vacatures",02/25/2021,Belgium,TEFL,Indeed,3
"
                    Page 1 of 3 jobs",02/25/2021,Pakistan,Auto Service,Indeed,3
"
                    Page 1 of 3 jobs",02/25/2021,New Zealand,Auto Service,Indeed,3
"
                    Page 1 of 3 jobs",02/25/2021,Malaysia,Auto Service,Indeed,3
"
                    Pagina 1 van 3.430 vacatures",02/25/2021,Belgium,Communication,Indeed,3
"
                    Página 1 de 3.051 vagas",02/25/2021,Brazil,Communication,Indeed,3
"
                    صفحة 1 من 3 وظائف",02/25/2021,Saudi Arabia,Public Health,Indeed,3
"
                    Page 1 of 3 jobs",02/25/2021,Nigeria,Public Health,Indeed,3
"
                    Halaman 1 dari 3 lowongan",02/25/2021,Indonesia,Project Management,Indeed,3
"
                    صفحة 1 من 3 وظائف",02/25/2021,Saudi Arabia,Hospital Administration,Indeed,3
"
                    Page 1 of 3 jobs",02/25/2021,Kuwait,Hospital Administration,Indeed,3
"
                    Page 1 of 4 jobs",02/25/2021,United Kingdom,TEFL,Indeed,4
"
                    Page 1 of 4 jobs",02/25/2021,Hong Kong,Auto Service,Indeed,4
"
                    Page 1 of 4 jobs",02/25/2021,South Africa,Auto Service,Indeed,4
"
                    Page 1 of 4 jobs",02/25/2021,Philippines,Auto Service,Indeed,4
"
                    Página 1 de 4 empleos",02/25/2021,Argentina,Auto Service,Indeed,4
"
                    Página 1 de 4 ofertas",02/25/2021,Portugal,Auto Service,Indeed,4
"
                    Page 1 of 4 jobs",02/25/2021,South Africa,Public Health,Indeed,4
"
                    Page 1 of 4,391 jobs",02/25/2021,United Kingdom,Project Management,Indeed,4
"
                    Page 1 of 4,647 jobs",02/25/2021,India,Project Management,Indeed,4
"
                    Seite 1 von 4.649 Jobs",02/25/2021,Germany,Project Management,Indeed,4
"
                    Page 1 of 5 jobs",02/25/2021,Kuwait,Database,Indeed,5
"
                    Page 1 of 5 jobs",02/25/2021,Kuwait,Accounting,Indeed,5
"
                    Page 1 of 5 jobs",02/25/2021,Malaysia,Public Health,Indeed,5
"
                    Page 1 of 5 jobs",02/25/2021,Hong Kong,Marriage Family,Indeed,5
"
                    صفحة 1 من 5 وظائف",02/25/2021,Saudi Arabia,Web Development,Indeed,5
"
                    Pagina 1 van 5 vacatures",02/25/2021,Belgium,Web Development,Indeed,5
"
                    Halaman 1 dari 5 lowongan",02/25/2021,Indonesia,Business Administration,Indeed,5
"
                    Page 1 of 5 jobs",02/25/2021,Nigeria,Hospital Administration,Indeed,5
"
                    Page 1 of 6 jobs",02/25/2021,Ireland,Auto Service,Indeed,6
"
                    Página 1 de 6 empleos",02/25/2021,Chile,Auto Service,Indeed,6
"
                    Page 1 de 6 emplois",02/25/2021,Luxembourg,Web Development,Indeed,6
"
                    صفحة 1 من 6 وظائف",02/25/2021,Saudi Arabia,Hospitality Tourism,Indeed,6
"
                    Página 1 de 6 empleos",02/25/2021,Argentina,Hospital Administration,Indeed,6
"
                    Página 1 de 8 empleos",02/25/2021,Chile,TEFL,Indeed,8
"
                    Page 1 of 8 jobs",02/25/2021,Hong Kong,Public Health,Indeed,8
"
                    Page 1 of 8 jobs",02/25/2021,Canada,Marriage Family,Indeed,8
"
                    Page 1 of 8 jobs",02/25/2021,Malaysia,Marriage Family,Indeed,8
"
                    Page 1 of 8 jobs",02/25/2021,Kuwait,Computer Support,Indeed,8
"
                    Page 1 of 9 jobs",02/25/2021,Ireland,Public Health,Indeed,9
"
                    Página 1 de 9 empleos",02/25/2021,Argentina,Computer Support,Indeed,9
"
                    Page 1 of 9 jobs",02/25/2021,Kuwait,Project Management,Indeed,9
"
                    Page 1 of 9 jobs",02/25/2021,Pakistan,Hospital Administration,Indeed,9
"
                    Page 1 of 10 jobs",02/25/2021,Philippines,Hospital Administration,Indeed,10
"
                    صفحة 1 من 11 وظائف",02/25/2021,Saudi Arabia,Accounting,Indeed,11
"
                    Page 1 of 11 jobs",02/25/2021,Singapore,Auto Service,Indeed,11
"
                    Page 1 of 11 jobs",02/25/2021,Singapore,Public Health,Indeed,11
"
                    Page 1 of 11 jobs",02/25/2021,Nigeria,Web Development,Indeed,11
"
                    Pagina 1 van 12 vacatures",02/25/2021,Belgium,Marriage Family,Indeed,12
"
                    Page 1 of 13 jobs",02/25/2021,India,Public Health,Indeed,13
"
                    Página 1 de 14 ofertas",02/25/2021,Portugal,Computer Support,Indeed,14
"
                    Pagina 1 van 14 vacatures",02/25/2021,Belgium,Hospital Administration,Indeed,14
"
                    Página 1 de 15 ofertas",02/25/2021,Portugal,Business Administration,Indeed,15
"
                    Seite 1 von 16 Jobs",02/25/2021,Austria,Database,Indeed,16
"
                    Seite 1 von 16 Jobs",02/25/2021,Austria,Computer Support,Indeed,16
"
                    Page 1 of 16 jobs",02/25/2021,Canada,Hospitality Tourism,Indeed,16
"
                    Page 1 of 16 jobs",02/25/2021,Australia,Hospitality Tourism,Indeed,16
"
                    Página 1 de 17 ofertas",02/25/2021,Portugal,Database,Indeed,17
"
                    Página 1 de 17 empleos",02/25/2021,Chile,Computer Support,Indeed,17
"
                    Page 1 of 17 jobs",02/25/2021,South Africa,Hospital Administration,Indeed,17
"
                    صفحة 1 من 19 وظائف",02/25/2021,Saudi Arabia,Database,Indeed,19
"
                    Página 1 de 19 ofertas",02/25/2021,Portugal,Hospital Administration,Indeed,19
"
                    Page 1 of 20 jobs",02/25/2021,Canada,TEFL,Indeed,20
"
                    Page 1 de 20 emplois",02/25/2021,Luxembourg,Database,Indeed,20
"
                    Page 1 of 20 jobs",02/25/2021,United Kingdom,Hospitality Tourism,Indeed,20
"
                    Seite 1 von 21 Jobs",02/25/2021,Austria,Business Administration,Indeed,21
"
                    صفحة 1 من 22 وظائف",02/25/2021,Saudi Arabia,Computer Support,Indeed,22
"
                    Page 1 of 23 jobs",02/25/2021,Nigeria,Computer Support,Indeed,23
"
                    صفحة 1 من 23 وظائف",02/25/2021,Saudi Arabia,Business Administration,Indeed,23
"
                    Página 1 de 24 empleos",02/25/2021,Chile,Web Development,Indeed,24
"
                    Page 1 de 25 emplois",02/25/2021,Luxembourg,Computer Support,Indeed,25
"
                    Page 1 of 25 jobs",02/25/2021,Nigeria,Business Administration,Indeed,25
"
                    Page 1 of 26 jobs",02/25/2021,Nigeria,Database,Indeed,26
"
                    Page 1 of 29 jobs",02/25/2021,Nigeria,Accounting,Indeed,29
"
                    Page 1 of 29 jobs",02/25/2021,New Zealand,Web Development,Indeed,29
"
                    Page 1 of 30 jobs",02/25/2021,India,Hospitality Tourism,Indeed,30
"
                    Page 1 of 31 jobs",02/25/2021,Pakistan,Business Administration,Indeed,31
"
                    Page 1 de 32 emplois",02/25/2021,Luxembourg,Accounting,Indeed,32
"
                    Page 1 of 33 jobs",02/25/2021,New Zealand,Database,Indeed,33
"
                    Page 1 of 33 jobs",02/25/2021,Pakistan,Accounting,Indeed,33
"
                    Página 1 de 34 ofertas",02/25/2021,Portugal,Accounting,Indeed,34
"
                    Page 1 of 34 jobs",02/25/2021,Kuwait,Communication,Indeed,34
"
                    Página 1 de 34 empleos",02/25/2021,Chile,Business Administration,Indeed,34
"
                    Page 1 of 34 jobs",02/25/2021,Malaysia,Hospital Administration,Indeed,34
"
                    Page 1 de 35 emplois",02/25/2021,Luxembourg,Business Administration,Indeed,35
"
                    Halaman 1 dari 37 lowongan",02/25/2021,Indonesia,Web Development,Indeed,37
"
                    Pagina 1 van 38 vacatures",02/25/2021,Belgium,Auto Service,Indeed,38
"
                    Página 1 de 39 empleos",02/25/2021,Argentina,Project Management,Indeed,39
"
                    Página 1 de 40 vagas",02/25/2021,Brazil,TEFL,Indeed,40
"
                    Page 1 of 40 jobs",02/25/2021,New Zealand,Hospital Administration,Indeed,40
"
                    Page 1 of 42 jobs",02/25/2021,Pakistan,Computer Support,Indeed,42
"
                    Página 1 de 43 empleos",02/25/2021,Argentina,Business Administration,Indeed,43
"
                    Page 1 of 45 jobs",02/25/2021,Hong Kong,Hospital Administration,Indeed,45
"
                    Page 1 of 47 jobs",02/25/2021,New Zealand,Accounting,Indeed,47
"
                    Página 1 de 50 empleos",02/25/2021,Chile,Project Management,Indeed,50
"
                    Page 1 of 50 jobs",02/25/2021,Ireland,Hospital Administration,Indeed,50
"
                    Page 1 of 52 jobs",02/25/2021,Australia,Auto Service,Indeed,52
"
                    Página 1 de 52 empleos",02/25/2021,Argentina,Web Development,Indeed,52
"
                    Page 1 of 52 jobs",02/25/2021,Nigeria,Project Management,Indeed,52
"
                    Página 1 de 53 empleos",02/25/2021,Argentina,Accounting,Indeed,53
"
                    Halaman 1 dari 54 lowongan",02/25/2021,Indonesia,Database,Indeed,54
"
                    Página 1 de 54 empleos",02/25/2021,Chile,Hospital Administration,Indeed,54
"
                    Página 1 de 56 ofertas",02/25/2021,Portugal,Web Development,Indeed,56
"
                    Page 1 of 57 jobs",02/25/2021,New Zealand,Business Administration,Indeed,57
"
                    Page 1 de 58 emplois",02/25/2021,Luxembourg,Project Management,Indeed,58
"
                    Página 1 de 59 vagas",02/25/2021,Brazil,Public Health,Indeed,59
"
                    Pagina 1 van 59 vacatures",02/25/2021,Belgium,Computer Support,Indeed,59
"
                    صفحة 1 من 63 وظائف",02/25/2021,Saudi Arabia,Project Management,Indeed,63
"
                    Page 1 of 64 jobs",02/25/2021,Pakistan,Database,Indeed,64
"
                    Page 1 of 64 jobs",02/25/2021,Ireland,Web Development,Indeed,64
"
                    Page 1 of 64 jobs",02/25/2021,South Africa,Web Development,Indeed,64
"
                    Page 1 of 64 jobs",02/25/2021,Singapore,Hospital Administration,Indeed,64
"
                    Page 1 of 65 jobs",02/25/2021,Canada,Hospital Administration,Indeed,65
"
                    Seite 1 von 65 Jobs",02/25/2021,Germany,Hospital Administration,Indeed,65
"
                    Página 1 de 68 empleos",02/25/2021,Chile,Accounting,Indeed,68
"
                    Página 1 de 72 vagas",02/25/2021,Brazil,Auto Service,Indeed,72
"
                    Page 1 of 72 jobs",02/25/2021,United Kingdom,Marriage Family,Indeed,72
"
                    Página 1 de 74 empleos",02/25/2021,Argentina,Database,Indeed,74
"
                    Página 1 de 79 empleos",02/25/2021,Chile,Database,Indeed,79
"
                    Page 1 of 81 jobs",02/25/2021,India,Auto Service,Indeed,81
"
                    Page 1 of 82 jobs",02/25/2021,Ireland,Database,Indeed,82
"
                    Seite 1 von 82 Jobs",02/25/2021,Austria,Accounting,Indeed,82
"
                    Page 1 of 85 jobs",02/25/2021,Canada,Public Health,Indeed,85
"
                    Page 1 of 86 jobs",02/25/2021,New Zealand,Computer Support,Indeed,86
"
                    Page 1 de 90 emplois",02/25/2021,Luxembourg,Communication,Indeed,90
"
                    صفحة 1 من 92 وظائف",02/25/2021,Saudi Arabia,Communication,Indeed,92
"
                    Page 1 of 93 jobs",02/25/2021,Malaysia,Web Development,Indeed,93
"
                    Seite 1 von 93 Jobs",02/25/2021,Austria,Web Development,Indeed,93
"
                    Page 1 of 97 jobs",02/25/2021,Pakistan,Web Development,Indeed,97
"
                    Seite 1 von 99 Jobs",02/25/2021,Germany,Public Health,Indeed,99
"
                    Seite 1 von 102 Jobs",02/25/2021,Austria,Auto Service,Indeed,102
"
                    Page 1 of 104 jobs",02/25/2021,Hong Kong,Web Development,Indeed,104
"
                    Halaman 1 dari 106 lowongan",02/25/2021,Indonesia,Communication,Indeed,106
"
                    Page 1 of 108 jobs",02/25/2021,Hong Kong,Database,Indeed,108
"
                    Page 1 of 109 jobs",02/25/2021,Malaysia,Database,Indeed,109
"
                    Page 1 of 109 jobs",02/25/2021,Australia,Public Health,Indeed,109
"
                    Page 1 of 111 jobs",02/25/2021,Australia,Communication,Indeed,111
"
                    Page 1 of 111 jobs",02/25/2021,Ireland,Business Administration,Indeed,111
"
                    Page 1 of 111 jobs",02/25/2021,Australia,Hospital Administration,Indeed,111
"
                    Página 1 de 114 empleos",02/25/2021,Chile,Communication,Indeed,114
"
                    Page 1 of 114 jobs",02/25/2021,Pakistan,Project Management,Indeed,114
"
                    Page 1 of 116 jobs",02/25/2021,Ireland,Accounting,Indeed,116
"
                    Halaman 1 dari 119 lowongan",02/25/2021,Indonesia,Accounting,Indeed,119
"
                    Page 1 of 119 jobs",02/25/2021,Philippines,Web Development,Indeed,119
"
                    Page 1 of 128 jobs",02/25/2021,Ireland,Computer Support,Indeed,128
"
                    Página 1 de 131 empleos",02/25/2021,Argentina,Communication,Indeed,131
"
                    Page 1 of 134 jobs",02/25/2021,Malaysia,Business Administration,Indeed,134
"
                    Page 1 of 146 jobs",02/25/2021,United Kingdom,Public Health,Indeed,146
"
                    Page 1 of 156 jobs",02/25/2021,Philippines,Computer Support,Indeed,156
"
                    Page 1 of 159 jobs",02/25/2021,Philippines,Database,Indeed,159
"
                    Página 1 de 162 vagas",02/25/2021,Brazil,Computer Support,Indeed,162
"
                    Page 1 of 163 jobs",02/25/2021,Nigeria,Communication,Indeed,163
"
                    Page 1 of 164 jobs",02/25/2021,Malaysia,Accounting,Indeed,164
"
                    Page 1 of 165 jobs",02/25/2021,South Africa,Business Administration,Indeed,165
"
                    Page 1 of 178 jobs",02/25/2021,Malaysia,Computer Support,Indeed,178
"
                    Page 1 of 178 jobs",02/25/2021,United Kingdom,Hospital Administration,Indeed,178
"
                    Page 1 of 182 jobs",02/25/2021,Hong Kong,Business Administration,Indeed,182
"
                    Pagina 1 van 187 vacatures",02/25/2021,Belgium,Database,Indeed,187
"
                    Page 1 of 190 jobs",02/25/2021,Hong Kong,Accounting,Indeed,190
"
                    Page 1 of 191 jobs",02/25/2021,South Africa,Computer Support,Indeed,191
"
                    Page 1 of 195 jobs",02/25/2021,Singapore,Business Administration,Indeed,195
"
                    Page 1 of 198 jobs",02/25/2021,New Zealand,Project Management,Indeed,198
"
                    Page 1 of 203 jobs",02/25/2021,India,Communication,Indeed,203
"
                    Page 1 of 207 jobs",02/25/2021,South Africa,Database,Indeed,207
"
                    Page 1 of 216 jobs",02/25/2021,Hong Kong,Computer Support,Indeed,216
"
                    Page 1 of 220 jobs",02/25/2021,South Africa,Accounting,Indeed,220
"
                    Page 1 of 224 jobs",02/25/2021,United Kingdom,Auto Service,Indeed,224
"
                    Page 1 of 227 jobs",02/25/2021,Singapore,Database,Indeed,227
"
                    Page 1 of 227 jobs",02/25/2021,Singapore,Web Development,Indeed,227
"
                    Page 1 of 227 jobs",02/25/2021,Australia,Web Development,Indeed,227
"
                    Seite 1 von 234 Jobs",02/25/2021,Germany,Computer Support,Indeed,234
"
                    Page 1 of 235 jobs",02/25/2021,Philippines,Business Administration,Indeed,235
"
                    Page 1 of 236 jobs",02/25/2021,Philippines,Accounting,Indeed,236
"
                    Página 1 de 240 vagas",02/25/2021,Brazil,Project Management,Indeed,240
"
                    Página 1 de 241 vagas",02/25/2021,Brazil,Hospital Administration,Indeed,241
"
                    Page 1 of 250 jobs",02/25/2021,Australia,Accounting,Indeed,250
"
                    Page 1 of 266 jobs",02/25/2021,Singapore,Accounting,Indeed,266
"
                    Seite 1 von 278 Jobs",02/25/2021,Germany,Database,Indeed,278
"
                    Seite 1 von 278 Jobs",02/25/2021,Germany,Business Administration,Indeed,278
"
                    Page 1 of 280 jobs",02/25/2021,Canada,Project Management,Indeed,280
"
                    Page 1 of 288 jobs",02/25/2021,Canada,Communication,Indeed,288
"
                    Página 1 de 290 vagas",02/25/2021,Brazil,Web Development,Indeed,290
"
                    Pagina 1 van 301 vacatures",02/25/2021,Belgium,Accounting,Indeed,301
"
                    Seite 1 von 319 Jobs",02/25/2021,Germany,Communication,Indeed,319
"
                    Seite 1 von 321 Jobs",02/25/2021,Austria,Project Management,Indeed,321
"
                    Page 1 of 334 jobs",02/25/2021,Australia,Database,Indeed,334
"
                    Page 1 of 337 jobs",02/25/2021,Pakistan,Communication,Indeed,337
"
                    Página 1 de 339 ofertas",02/25/2021,Portugal,Communication,Indeed,339
"
                    Page 1 of 364 jobs",02/25/2021,South Africa,Project Management,Indeed,364
"
                    Page 1 of 368 jobs",02/25/2021,Malaysia,Project Management,Indeed,368
"
                    Page 1 of 380 jobs",02/25/2021,Singapore,Computer Support,Indeed,380
"
                    Page 1 of 400 jobs",02/25/2021,Philippines,Project Management,Indeed,400
"
                    Page 1 of 402 jobs",02/25/2021,United Kingdom,Communication,Indeed,402
"
                    Page 1 of 415 jobs",02/25/2021,Canada,Auto Service,Indeed,415
"
                    Page 1 of 454 jobs",02/25/2021,Ireland,Project Management,Indeed,454
"
                    Page 1 of 578 jobs",02/25/2021,Hong Kong,Project Management,Indeed,578
"
                    Página 1 de 597 vagas",02/25/2021,Brazil,Database,Indeed,597
"
                    Page 1 of 598 jobs",02/25/2021,India,Accounting,Indeed,598
"
                    Page 1 of 599 jobs",02/25/2021,Australia,Computer Support,Indeed,599
"
                    Página 1 de 640 vagas",02/25/2021,Brazil,Business Administration,Indeed,640
"
                    Page 1 of 697 jobs",02/25/2021,Malaysia,Communication,Indeed,697
"
                    Page 1 of 713 jobs",02/25/2021,New Zealand,Communication,Indeed,713
"
                    Page 1 of 715 jobs",02/25/2021,Australia,Business Administration,Indeed,715
"
                    Page 1 of 722 jobs",02/25/2021,South Africa,Communication,Indeed,722
"
                    Page 1 of 730 jobs",02/25/2021,Canada,Web Development,Indeed,730
"
                    Pagina 1 van 736 vacatures",02/25/2021,Belgium,Project Management,Indeed,736
"
                    Page 1 of 788 jobs",02/25/2021,United Kingdom,Web Development,Indeed,788
"
                    Page 1 of 797 jobs",02/25/2021,Canada,Accounting,Indeed,797
"
                    Seite 1 von 855 Jobs",02/25/2021,Austria,Communication,Indeed,855
"
                    Page 1 of 868 jobs",02/25/2021,Canada,Database,Indeed,868
"
                    Página 1 de 870 vagas",02/25/2021,Brazil,Accounting,Indeed,870
"
                    Page 1 of 874 jobs",02/25/2021,Ireland,Communication,Indeed,874
"
                    Page 1 of 965 jobs",02/25/2021,United Kingdom,Accounting,Indeed,965
"
                    Seite 1 von 975 Jobs",02/25/2021,Germany,Auto Service,Indeed,975
"
                    Page 1 of 992 jobs",02/25/2021,Hong Kong,Communication,Indeed,992
