,Total_job,Posted_date,Country_name,Job_type,Website,Total,certificate
0,0,3/24/21,Saudi Arabia,Social service assistant,Indeed,0,Marraige Family
1,0,3/24/21,Saudi Arabia,Human service assistant,Indeed,0,Marraige Family
2,0,3/24/21,Saudi Arabia,Child care worker,Indeed,0,Marraige Family
3,0,3/24/21,Saudi Arabia,Case Aides,Indeed,0,Marraige Family
4,0,3/24/21,Saudi Arabia,Personal care aides,Indeed,0,Marraige Family
5,0,3/24/21,Saudi Arabia,psychiatric Technician,Indeed,0,Marraige Family
6,0,3/24/21,Saudi Arabia,Community health worker,Indeed,0,Public Health
7,"
                    ÿµŸÅÿ≠ÿ© 1 ŸÖŸÜ 1 Ÿàÿ∏ÿßÿ¶ŸÅ",3/24/21,Saudi Arabia,Community health advocate,Indeed,1,Public Health
8,0,3/24/21,Saudi Arabia,Community outreach navigator,Indeed,0,Public Health
9,0,3/24/21,Saudi Arabia,Health coach,Indeed,0,Public Health
10,"
                    ÿµŸÅÿ≠ÿ© 1 ŸÖŸÜ 1 Ÿàÿ∏ÿßÿ¶ŸÅ",3/24/21,Saudi Arabia,Medical registrar,Indeed,1,Public Health
11,0,3/24/21,Saudi Arabia,Diabetes educator,Indeed,0,Public Health
12,"
                    ÿµŸÅÿ≠ÿ© 1 ŸÖŸÜ 2 Ÿàÿ∏ÿßÿ¶ŸÅ",3/24/21,Saudi Arabia,Health promotion specialist,Indeed,2,Public Health
13,0,3/24/21,Saudi Arabia,Health educator,Indeed,0,Public Health
14,"
                    Page 1 of 8 jobs",3/24/21,Singapore,Commodity trader,Indeed,8,Buisness Administration
15,"
                    Page 1 of 62 jobs",3/24/21,Singapore,Social service assistant,Indeed,62,Marraige Family
16,"
                    Page 1 of 23 jobs",3/24/21,Singapore,Human service assistant,Indeed,23,Marraige Family
17,"
                    Page 1 of 1 jobs",3/24/21,Singapore,Child care worker,Indeed,1,Marraige Family
18,0,3/24/21,Singapore,Case Aides,Indeed,0,Marraige Family
19,"
                    Page 1 of 1 jobs",3/24/21,Singapore,Personal care aides,Indeed,1,Marraige Family
20,0,3/24/21,Singapore,psychiatric Technician,Indeed,0,Marraige Family
21,"
                    Page 1 of 2 jobs",3/24/21,Singapore,Community health worker,Indeed,2,Public Health
22,"
                    Page 1 of 1 jobs",3/24/21,Singapore,Community health advocate,Indeed,1,Public Health
23,0,3/24/21,Singapore,Community outreach navigator,Indeed,0,Public Health
24,"
                    Page 1 of 19 jobs",3/24/21,Singapore,Health coach,Indeed,19,Public Health
25,"
                    Page 1 of 3 jobs",3/24/21,Singapore,Medical registrar,Indeed,3,Public Health
26,0,3/24/21,Singapore,Diabetes educator,Indeed,0,Public Health
27,"
                    Page 1 of 5 jobs",3/24/21,Singapore,Health promotion specialist,Indeed,5,Public Health
28,"
                    Page 1 of 4 jobs",3/24/21,Singapore,Health educator,Indeed,4,Public Health
29,"
                    Page 1 of 3 jobs",3/24/21,Canada,Commodity trader,Indeed,3,Buisness Administration
30,"
                    Page 1 of 46 jobs",3/24/21,Canada,Social service assistant,Indeed,46,Marraige Family
31,"
                    Page 1 of 220 jobs",3/24/21,Canada,Human service assistant,Indeed,220,Marraige Family
32,"
                    Page 1 of 203 jobs",3/24/21,Canada,Child care worker,Indeed,203,Marraige Family
33,"
                    Page 1 of 12 jobs",3/24/21,Canada,Case Aides,Indeed,12,Marraige Family
34,"
                    Page 1 of 216 jobs",3/24/21,Canada,Personal care aides,Indeed,216,Marraige Family
35,0,3/24/21,Canada,psychiatric Technician,Indeed,0,Marraige Family
36,"
                    Page 1 of 730 jobs",3/24/21,Canada,Community health worker,Indeed,730,Public Health
37,"
                    Page 1 of 268 jobs",3/24/21,Canada,Community health advocate,Indeed,268,Public Health
38,"
                    Page 1 of 1 jobs",3/24/21,Canada,Community outreach navigator,Indeed,1,Public Health
39,"
                    Page 1 of 343 jobs",3/24/21,Canada,Health coach,Indeed,343,Public Health
40,"
                    Page 1 of 2 jobs",3/24/21,Canada,Medical registrar,Indeed,2,Public Health
41,"
                    Page 1 of 9 jobs",3/24/21,Canada,Diabetes educator,Indeed,9,Public Health
42,"
                    Page 1 of 31 jobs",3/24/21,Canada,Health promotion specialist,Indeed,31,Public Health
43,"
                    Page 1 of 148 jobs",3/24/21,Canada,Health educator,Indeed,148,Public Health
44,0,3/24/21,Nigeria,Commodity trader,Indeed,0,Buisness Administration
45,"
                    Page 1 of 3 jobs",3/24/21,Nigeria,Social service assistant,Indeed,3,Marraige Family
46,"
                    Page 1 of 5 jobs",3/24/21,Nigeria,Human service assistant,Indeed,5,Marraige Family
47,0,3/24/21,Nigeria,Child care worker,Indeed,0,Marraige Family
48,0,3/24/21,Nigeria,Case Aides,Indeed,0,Marraige Family
49,0,3/24/21,Nigeria,Personal care aides,Indeed,0,Marraige Family
50,0,3/24/21,Nigeria,psychiatric Technician,Indeed,0,Marraige Family
51,0,3/24/21,Nigeria,Community health worker,Indeed,0,Public Health
52,0,3/24/21,Nigeria,Community health advocate,Indeed,0,Public Health
53,0,3/24/21,Nigeria,Community outreach navigator,Indeed,0,Public Health
54,"
                    Page 1 of 2 jobs",3/24/21,Nigeria,Health coach,Indeed,2,Public Health
55,0,3/24/21,Nigeria,Medical registrar,Indeed,0,Public Health
56,0,3/24/21,Nigeria,Diabetes educator,Indeed,0,Public Health
57,"
                    Page 1 of 1 jobs",3/24/21,Nigeria,Health promotion specialist,Indeed,1,Public Health
58,0,3/24/21,Nigeria,Health educator,Indeed,0,Public Health
59,0,3/24/21,Ireland,Commodity trader,Indeed,0,Buisness Administration
60,"
                    Page 1 of 63 jobs",3/24/21,Ireland,Social service assistant,Indeed,63,Marraige Family
61,"
                    Page 1 of 2 jobs",3/24/21,Ireland,Human service assistant,Indeed,2,Marraige Family
62,"
                    Page 1 of 1 jobs",3/24/21,Ireland,Child care worker,Indeed,1,Marraige Family
63,0,3/24/21,Ireland,Case Aides,Indeed,0,Marraige Family
64,0,3/24/21,Ireland,Personal care aides,Indeed,0,Marraige Family
65,0,3/24/21,Ireland,psychiatric Technician,Indeed,0,Marraige Family
66,"
                    Page 1 of 29 jobs",3/24/21,Ireland,Community health worker,Indeed,29,Public Health
67,"
                    Page 1 of 8 jobs",3/24/21,Ireland,Community health advocate,Indeed,8,Public Health
68,"
                    Page 1 of 1 jobs",3/24/21,Ireland,Community outreach navigator,Indeed,1,Public Health
69,"
                    Page 1 of 16 jobs",3/24/21,Ireland,Health coach,Indeed,16,Public Health
70,"
                    Page 1 of 7 jobs",3/24/21,Ireland,Medical registrar,Indeed,7,Public Health
71,0,3/24/21,Ireland,Diabetes educator,Indeed,0,Public Health
72,"
                    Page 1 of 4 jobs",3/24/21,Ireland,Health promotion specialist,Indeed,4,Public Health
73,"
                    Page 1 of 2 jobs",3/24/21,Ireland,Health educator,Indeed,2,Public Health
74,"
                    Page 1 of 2 jobs",3/24/21,Hong Kong,Commodity trader,Indeed,2,Buisness Administration
75,"
                    Page 1 of 16 jobs",3/24/21,Hong Kong,Social service assistant,Indeed,16,Marraige Family
76,"
                    Page 1 of 50 jobs",3/24/21,Hong Kong,Human service assistant,Indeed,50,Marraige Family
77,0,3/24/21,Hong Kong,Child care worker,Indeed,0,Marraige Family
78,0,3/24/21,Hong Kong,Case Aides,Indeed,0,Marraige Family
79,0,3/24/21,Hong Kong,Personal care aides,Indeed,0,Marraige Family
80,0,3/24/21,Hong Kong,psychiatric Technician,Indeed,0,Marraige Family
81,"
                    Page 1 of 2 jobs",3/24/21,Hong Kong,Community health worker,Indeed,2,Public Health
82,0,3/24/21,Hong Kong,Community health advocate,Indeed,0,Public Health
83,0,3/24/21,Hong Kong,Community outreach navigator,Indeed,0,Public Health
84,"
                    Page 1 of 13 jobs",3/24/21,Hong Kong,Health coach,Indeed,13,Public Health
85,"
                    Page 1 of 1 jobs",3/24/21,Hong Kong,Medical registrar,Indeed,1,Public Health
86,0,3/24/21,Hong Kong,Diabetes educator,Indeed,0,Public Health
87,"
                    Page 1 of 6 jobs",3/24/21,Hong Kong,Health promotion specialist,Indeed,6,Public Health
88,0,3/24/21,Hong Kong,Health educator,Indeed,0,Public Health
89,0,3/24/21,Pakistan,Commodity trader,Indeed,0,Buisness Administration
90,"
                    Page 1 of 3 jobs",3/24/21,Pakistan,Social service assistant,Indeed,3,Marraige Family
91,"
                    Page 1 of 2 jobs",3/24/21,Pakistan,Human service assistant,Indeed,2,Marraige Family
92,0,3/24/21,Pakistan,Child care worker,Indeed,0,Marraige Family
93,0,3/24/21,Pakistan,Case Aides,Indeed,0,Marraige Family
94,0,3/24/21,Pakistan,Personal care aides,Indeed,0,Marraige Family
95,0,3/24/21,Pakistan,psychiatric Technician,Indeed,0,Marraige Family
96,"
                    Page 1 of 2 jobs",3/24/21,Pakistan,Community health worker,Indeed,2,Public Health
97,0,3/24/21,Pakistan,Community health advocate,Indeed,0,Public Health
98,0,3/24/21,Pakistan,Community outreach navigator,Indeed,0,Public Health
99,0,3/24/21,Pakistan,Health coach,Indeed,0,Public Health
100,0,3/24/21,Pakistan,Medical registrar,Indeed,0,Public Health
101,0,3/24/21,Pakistan,Diabetes educator,Indeed,0,Public Health
102,0,3/24/21,Pakistan,Health promotion specialist,Indeed,0,Public Health
103,0,3/24/21,Pakistan,Health educator,Indeed,0,Public Health
104,0,3/24/21,Kuwait,Commodity trader,Indeed,0,Buisness Administration
105,0,3/24/21,Kuwait,Social service assistant,Indeed,0,Marraige Family
106,0,3/24/21,Kuwait,Human service assistant,Indeed,0,Marraige Family
107,0,3/24/21,Kuwait,Child care worker,Indeed,0,Marraige Family
108,0,3/24/21,Kuwait,Case Aides,Indeed,0,Marraige Family
109,0,3/24/21,Kuwait,Personal care aides,Indeed,0,Marraige Family
110,0,3/24/21,Kuwait,psychiatric Technician,Indeed,0,Marraige Family
111,0,3/24/21,Kuwait,Community health worker,Indeed,0,Public Health
112,0,3/24/21,Kuwait,Community health advocate,Indeed,0,Public Health
113,0,3/24/21,Kuwait,Community outreach navigator,Indeed,0,Public Health
114,0,3/24/21,Kuwait,Health coach,Indeed,0,Public Health
115,0,3/24/21,Kuwait,Medical registrar,Indeed,0,Public Health
116,0,3/24/21,Kuwait,Diabetes educator,Indeed,0,Public Health
117,0,3/24/21,Kuwait,Health promotion specialist,Indeed,0,Public Health
118,0,3/24/21,Kuwait,Health educator,Indeed,0,Public Health
119,0,3/24/21,Luxembourg,Commodity trader,Indeed,0,Buisness Administration
120,"
                    Page 1 de 2 emplois",3/24/21,Luxembourg,Social service assistant,Indeed,2,Marraige Family
121,0,3/24/21,Luxembourg,Human service assistant,Indeed,0,Marraige Family
122,0,3/24/21,Luxembourg,Child care worker,Indeed,0,Marraige Family
123,"
                    Page 1 de 1 emplois",3/24/21,Luxembourg,Case Aides,Indeed,1,Marraige Family
124,"
                    Page 1 de 1 emplois",3/24/21,Luxembourg,Personal care aides,Indeed,1,Marraige Family
125,0,3/24/21,Luxembourg,psychiatric Technician,Indeed,0,Marraige Family
126,0,3/24/21,Luxembourg,Community health worker,Indeed,0,Public Health
127,0,3/24/21,Luxembourg,Community health advocate,Indeed,0,Public Health
128,0,3/24/21,Luxembourg,Community outreach navigator,Indeed,0,Public Health
129,0,3/24/21,Luxembourg,Health coach,Indeed,0,Public Health
130,0,3/24/21,Luxembourg,Medical registrar,Indeed,0,Public Health
131,0,3/24/21,Luxembourg,Diabetes educator,Indeed,0,Public Health
132,0,3/24/21,Luxembourg,Health promotion specialist,Indeed,0,Public Health
133,0,3/24/21,Luxembourg,Health educator,Indeed,0,Public Health
134,0,3/24/21,South Africa,Commodity trader,Indeed,0,Buisness Administration
135,"
                    Page 1 of 8 jobs",3/24/21,South Africa,Social service assistant,Indeed,8,Marraige Family
136,"
                    Page 1 of 4 jobs",3/24/21,South Africa,Human service assistant,Indeed,4,Marraige Family
137,0,3/24/21,South Africa,Child care worker,Indeed,0,Marraige Family
138,0,3/24/21,South Africa,Case Aides,Indeed,0,Marraige Family
139,0,3/24/21,South Africa,Personal care aides,Indeed,0,Marraige Family
140,0,3/24/21,South Africa,psychiatric Technician,Indeed,0,Marraige Family
141,"
                    Page 1 of 6 jobs",3/24/21,South Africa,Community health worker,Indeed,6,Public Health
142,0,3/24/21,South Africa,Community health advocate,Indeed,0,Public Health
143,0,3/24/21,South Africa,Community outreach navigator,Indeed,0,Public Health
144,"
                    Page 1 of 15 jobs",3/24/21,South Africa,Health coach,Indeed,15,Public Health
145,0,3/24/21,South Africa,Medical registrar,Indeed,0,Public Health
146,0,3/24/21,South Africa,Diabetes educator,Indeed,0,Public Health
147,"
                    Page 1 of 2 jobs",3/24/21,South Africa,Health promotion specialist,Indeed,2,Public Health
148,"
                    Page 1 of 2 jobs",3/24/21,South Africa,Health educator,Indeed,2,Public Health
149,"
                    Page 1 of 17 jobs",3/24/21,United Kingdom,Commodity trader,Indeed,17,Buisness Administration
150,"
                    Page 1 of 10 jobs",3/24/21,United Kingdom,Social service assistant,Indeed,10,Marraige Family
151,"
                    Page 1 of 138 jobs",3/24/21,United Kingdom,Human service assistant,Indeed,138,Marraige Family
152,"
                    Page 1 of 377 jobs",3/24/21,United Kingdom,Child care worker,Indeed,377,Marraige Family
153,"
                    Page 1 of 2 jobs",3/24/21,United Kingdom,Case Aides,Indeed,2,Marraige Family
154,"
                    Page 1 of 4 jobs",3/24/21,United Kingdom,Personal care aides,Indeed,4,Marraige Family
155,0,3/24/21,United Kingdom,psychiatric Technician,Indeed,0,Marraige Family
156,"
                    Page 1 of 1,272 jobs",3/24/21,United Kingdom,Community health worker,Indeed,1,Public Health
157,"
                    Page 1 of 164 jobs",3/24/21,United Kingdom,Community health advocate,Indeed,164,Public Health
158,0,3/24/21,United Kingdom,Community outreach navigator,Indeed,0,Public Health
159,"
                    Page 1 of 419 jobs",3/24/21,United Kingdom,Health coach,Indeed,419,Public Health
160,"
                    Page 1 of 22 jobs",3/24/21,United Kingdom,Medical registrar,Indeed,22,Public Health
161,"
                    Page 1 of 3 jobs",3/24/21,United Kingdom,Diabetes educator,Indeed,3,Public Health
162,"
                    Page 1 of 117 jobs",3/24/21,United Kingdom,Health promotion specialist,Indeed,117,Public Health
163,"
                    Page 1 of 62 jobs",3/24/21,United Kingdom,Health educator,Indeed,62,Public Health
164,"
                    Page 1 of 2 jobs",3/24/21,New Zealand,Commodity trader,Indeed,2,Buisness Administration
165,"
                    Page 1 of 2 jobs",3/24/21,New Zealand,Social service assistant,Indeed,2,Marraige Family
166,"
                    Page 1 of 1 jobs",3/24/21,New Zealand,Human service assistant,Indeed,1,Marraige Family
167,"
                    Page 1 of 2 jobs",3/24/21,New Zealand,Child care worker,Indeed,2,Marraige Family
168,0,3/24/21,New Zealand,Case Aides,Indeed,0,Marraige Family
169,0,3/24/21,New Zealand,Personal care aides,Indeed,0,Marraige Family
170,0,3/24/21,New Zealand,psychiatric Technician,Indeed,0,Marraige Family
171,"
                    Page 1 of 17 jobs",3/24/21,New Zealand,Community health worker,Indeed,17,Public Health
172,"
                    Page 1 of 8 jobs",3/24/21,New Zealand,Community health advocate,Indeed,8,Public Health
173,0,3/24/21,New Zealand,Community outreach navigator,Indeed,0,Public Health
174,"
                    Page 1 of 9 jobs",3/24/21,New Zealand,Health coach,Indeed,9,Public Health
175,"
                    Page 1 of 6 jobs",3/24/21,New Zealand,Medical registrar,Indeed,6,Public Health
176,0,3/24/21,New Zealand,Diabetes educator,Indeed,0,Public Health
177,0,3/24/21,New Zealand,Health promotion specialist,Indeed,0,Public Health
178,"
                    Page 1 of 3 jobs",3/24/21,New Zealand,Health educator,Indeed,3,Public Health
179,"
                    Page 1 of 1 jobs",3/24/21,Malaysia,Commodity trader,Indeed,1,Buisness Administration
180,"
                    Page 1 of 46 jobs",3/24/21,Malaysia,Social service assistant,Indeed,46,Marraige Family
181,"
                    Page 1 of 25 jobs",3/24/21,Malaysia,Human service assistant,Indeed,25,Marraige Family
182,"
                    Page 1 of 3 jobs",3/24/21,Malaysia,Child care worker,Indeed,3,Marraige Family
183,0,3/24/21,Malaysia,Case Aides,Indeed,0,Marraige Family
184,0,3/24/21,Malaysia,Personal care aides,Indeed,0,Marraige Family
185,0,3/24/21,Malaysia,psychiatric Technician,Indeed,0,Marraige Family
186,0,3/24/21,Malaysia,Community health worker,Indeed,0,Public Health
187,"
                    Page 1 of 2 jobs",3/24/21,Malaysia,Community health advocate,Indeed,2,Public Health
188,0,3/24/21,Malaysia,Community outreach navigator,Indeed,0,Public Health
189,"
                    Page 1 of 7 jobs",3/24/21,Malaysia,Health coach,Indeed,7,Public Health
190,0,3/24/21,Malaysia,Medical registrar,Indeed,0,Public Health
191,0,3/24/21,Malaysia,Diabetes educator,Indeed,0,Public Health
192,0,3/24/21,Malaysia,Health promotion specialist,Indeed,0,Public Health
193,"
                    Page 1 of 2 jobs",3/24/21,Malaysia,Health educator,Indeed,2,Public Health
194,0,3/24/21,India,Commodity trader,Indeed,0,Buisness Administration
195,0,3/24/21,India,Social service assistant,Indeed,0,Marraige Family
196,0,3/24/21,India,Human service assistant,Indeed,0,Marraige Family
197,0,3/24/21,India,Child care worker,Indeed,0,Marraige Family
198,0,3/24/21,India,Case Aides,Indeed,0,Marraige Family
199,0,3/24/21,India,Personal care aides,Indeed,0,Marraige Family
200,0,3/24/21,India,psychiatric Technician,Indeed,0,Marraige Family
201,0,3/24/21,India,Community health worker,Indeed,0,Public Health
202,0,3/24/21,India,Community health advocate,Indeed,0,Public Health
203,0,3/24/21,India,Community outreach navigator,Indeed,0,Public Health
204,0,3/24/21,India,Health coach,Indeed,0,Public Health
205,0,3/24/21,India,Medical registrar,Indeed,0,Public Health
206,0,3/24/21,India,Diabetes educator,Indeed,0,Public Health
207,0,3/24/21,India,Health promotion specialist,Indeed,0,Public Health
208,0,3/24/21,India,Health educator,Indeed,0,Public Health
209,0,3/24/21,Philippines,Commodity trader,Indeed,0,Buisness Administration
210,"
                    Page 1 of 40 jobs",3/24/21,Philippines,Social service assistant,Indeed,40,Marraige Family
211,"
                    Page 1 of 13 jobs",3/24/21,Philippines,Human service assistant,Indeed,13,Marraige Family
212,0,3/24/21,Philippines,Child care worker,Indeed,0,Marraige Family
213,0,3/24/21,Philippines,Case Aides,Indeed,0,Marraige Family
214,0,3/24/21,Philippines,Personal care aides,Indeed,0,Marraige Family
215,0,3/24/21,Philippines,psychiatric Technician,Indeed,0,Marraige Family
216,0,3/24/21,Philippines,Community health worker,Indeed,0,Public Health
217,"
                    Page 1 of 1 jobs",3/24/21,Philippines,Community health advocate,Indeed,1,Public Health
218,0,3/24/21,Philippines,Community outreach navigator,Indeed,0,Public Health
219,"
                    Page 1 of 16 jobs",3/24/21,Philippines,Health coach,Indeed,16,Public Health
220,0,3/24/21,Philippines,Medical registrar,Indeed,0,Public Health
221,0,3/24/21,Philippines,Diabetes educator,Indeed,0,Public Health
222,"
                    Page 1 of 2 jobs",3/24/21,Philippines,Health promotion specialist,Indeed,2,Public Health
223,0,3/24/21,Philippines,Health educator,Indeed,0,Public Health
224,"
                    Page 1 of 1 jobs",3/24/21,Australia,Commodity trader,Indeed,1,Buisness Administration
225,"
                    Page 1 of 131 jobs",3/24/21,Australia,Social service assistant,Indeed,131,Marraige Family
226,"
                    Page 1 of 23 jobs",3/24/21,Australia,Human service assistant,Indeed,23,Marraige Family
227,"
                    Page 1 of 63 jobs",3/24/21,Australia,Child care worker,Indeed,63,Marraige Family
228,"
                    Page 1 of 2 jobs",3/24/21,Australia,Case Aides,Indeed,2,Marraige Family
229,"
                    Page 1 of 4 jobs",3/24/21,Australia,Personal care aides,Indeed,4,Marraige Family
230,"
                    Page 1 of 1 jobs",3/24/21,Australia,psychiatric Technician,Indeed,1,Marraige Family
231,"
                    Page 1 of 350 jobs",3/24/21,Australia,Community health worker,Indeed,350,Public Health
232,"
                    Page 1 of 59 jobs",3/24/21,Australia,Community health advocate,Indeed,59,Public Health
233,0,3/24/21,Australia,Community outreach navigator,Indeed,0,Public Health
234,"
                    Page 1 of 80 jobs",3/24/21,Australia,Health coach,Indeed,80,Public Health
235,"
                    Page 1 of 112 jobs",3/24/21,Australia,Medical registrar,Indeed,112,Public Health
236,"
                    Page 1 of 7 jobs",3/24/21,Australia,Diabetes educator,Indeed,7,Public Health
237,"
                    Page 1 of 20 jobs",3/24/21,Australia,Health promotion specialist,Indeed,20,Public Health
238,"
                    Page 1 of 94 jobs",3/24/21,Australia,Health educator,Indeed,94,Public Health
239,0,3/24/21,Indonesia,Commodity trader,Indeed,0,Buisness Administration
240,0,3/24/21,Indonesia,Social service assistant,Indeed,0,Marraige Family
241,0,3/24/21,Indonesia,Human service assistant,Indeed,0,Marraige Family
242,0,3/24/21,Indonesia,Child care worker,Indeed,0,Marraige Family
243,0,3/24/21,Indonesia,Case Aides,Indeed,0,Marraige Family
244,0,3/24/21,Indonesia,Personal care aides,Indeed,0,Marraige Family
245,0,3/24/21,Indonesia,psychiatric Technician,Indeed,0,Marraige Family
246,0,3/24/21,Indonesia,Community health worker,Indeed,0,Public Health
247,0,3/24/21,Indonesia,Community health advocate,Indeed,0,Public Health
248,0,3/24/21,Indonesia,Community outreach navigator,Indeed,0,Public Health
249,0,3/24/21,Indonesia,Health coach,Indeed,0,Public Health
250,0,3/24/21,Indonesia,Medical registrar,Indeed,0,Public Health
251,0,3/24/21,Indonesia,Diabetes educator,Indeed,0,Public Health
252,0,3/24/21,Indonesia,Health promotion specialist,Indeed,0,Public Health
253,0,3/24/21,Indonesia,Health educator,Indeed,0,Public Health
254,0,3/24/21,Argentina,Commodity trader,Indeed,0,Buisness Administration
255,0,3/24/21,Argentina,Social service assistant,Indeed,0,Marraige Family
256,0,3/24/21,Argentina,Human service assistant,Indeed,0,Marraige Family
257,0,3/24/21,Argentina,Child care worker,Indeed,0,Marraige Family
258,"
                    P√°gina 1 de 1 empleos",3/24/21,Argentina,Case Aides,Indeed,1,Marraige Family
259,0,3/24/21,Argentina,Personal care aides,Indeed,0,Marraige Family
260,0,3/24/21,Argentina,psychiatric Technician,Indeed,0,Marraige Family
261,0,3/24/21,Argentina,Community health worker,Indeed,0,Public Health
262,0,3/24/21,Argentina,Community health advocate,Indeed,0,Public Health
263,0,3/24/21,Argentina,Community outreach navigator,Indeed,0,Public Health
264,0,3/24/21,Argentina,Health coach,Indeed,0,Public Health
265,0,3/24/21,Argentina,Medical registrar,Indeed,0,Public Health
266,0,3/24/21,Argentina,Diabetes educator,Indeed,0,Public Health
267,0,3/24/21,Argentina,Health promotion specialist,Indeed,0,Public Health
268,0,3/24/21,Argentina,Health educator,Indeed,0,Public Health
269,0,3/24/21,Austria,Commodity trader,Indeed,0,Buisness Administration
270,0,3/24/21,Austria,Social service assistant,Indeed,0,Marraige Family
271,0,3/24/21,Austria,Human service assistant,Indeed,0,Marraige Family
272,0,3/24/21,Austria,Child care worker,Indeed,0,Marraige Family
273,0,3/24/21,Austria,Case Aides,Indeed,0,Marraige Family
274,0,3/24/21,Austria,Personal care aides,Indeed,0,Marraige Family
275,0,3/24/21,Austria,psychiatric Technician,Indeed,0,Marraige Family
276,0,3/24/21,Austria,Community health worker,Indeed,0,Public Health
277,0,3/24/21,Austria,Community health advocate,Indeed,0,Public Health
278,0,3/24/21,Austria,Community outreach navigator,Indeed,0,Public Health
279,0,3/24/21,Austria,Health coach,Indeed,0,Public Health
280,0,3/24/21,Austria,Medical registrar,Indeed,0,Public Health
281,0,3/24/21,Austria,Diabetes educator,Indeed,0,Public Health
282,0,3/24/21,Austria,Health promotion specialist,Indeed,0,Public Health
283,0,3/24/21,Austria,Health educator,Indeed,0,Public Health
284,0,3/24/21,Germany,Commodity trader,Indeed,0,Buisness Administration
285,0,3/24/21,Germany,Social service assistant,Indeed,0,Marraige Family
286,0,3/24/21,Germany,Human service assistant,Indeed,0,Marraige Family
287,0,3/24/21,Germany,Child care worker,Indeed,0,Marraige Family
288,0,3/24/21,Germany,Case Aides,Indeed,0,Marraige Family
289,0,3/24/21,Germany,Personal care aides,Indeed,0,Marraige Family
290,0,3/24/21,Germany,psychiatric Technician,Indeed,0,Marraige Family
291,0,3/24/21,Germany,Community health worker,Indeed,0,Public Health
292,0,3/24/21,Germany,Community health advocate,Indeed,0,Public Health
293,0,3/24/21,Germany,Community outreach navigator,Indeed,0,Public Health
294,0,3/24/21,Germany,Health coach,Indeed,0,Public Health
295,0,3/24/21,Germany,Medical registrar,Indeed,0,Public Health
296,0,3/24/21,Germany,Diabetes educator,Indeed,0,Public Health
297,0,3/24/21,Germany,Health promotion specialist,Indeed,0,Public Health
298,0,3/24/21,Germany,Health educator,Indeed,0,Public Health
299,0,3/24/21,Belgium,Commodity trader,Indeed,0,Buisness Administration
300,0,3/24/21,Belgium,Social service assistant,Indeed,0,Marraige Family
301,0,3/24/21,Belgium,Human service assistant,Indeed,0,Marraige Family
302,0,3/24/21,Belgium,Child care worker,Indeed,0,Marraige Family
303,0,3/24/21,Belgium,Case Aides,Indeed,0,Marraige Family
304,0,3/24/21,Belgium,Personal care aides,Indeed,0,Marraige Family
305,0,3/24/21,Belgium,psychiatric Technician,Indeed,0,Marraige Family
306,0,3/24/21,Belgium,Community health worker,Indeed,0,Public Health
307,0,3/24/21,Belgium,Community health advocate,Indeed,0,Public Health
308,0,3/24/21,Belgium,Community outreach navigator,Indeed,0,Public Health
309,0,3/24/21,Belgium,Health coach,Indeed,0,Public Health
310,0,3/24/21,Belgium,Medical registrar,Indeed,0,Public Health
311,0,3/24/21,Belgium,Diabetes educator,Indeed,0,Public Health
312,0,3/24/21,Belgium,Health promotion specialist,Indeed,0,Public Health
313,0,3/24/21,Belgium,Health educator,Indeed,0,Public Health
314,0,3/24/21,Brazil,Commodity trader,Indeed,0,Buisness Administration
315,"
                    P√°gina 1 de 2 vagas",3/24/21,Brazil,Social service assistant,Indeed,2,Marraige Family
316,"
                    P√°gina 1 de 1 vagas",3/24/21,Brazil,Human service assistant,Indeed,1,Marraige Family
317,"
                    P√°gina 1 de 34 vagas",3/24/21,Brazil,Child care worker,Indeed,34,Marraige Family
318,"
                    P√°gina 1 de 2 vagas",3/24/21,Brazil,Case Aides,Indeed,2,Marraige Family
319,0,3/24/21,Brazil,Personal care aides,Indeed,0,Marraige Family
320,0,3/24/21,Brazil,psychiatric Technician,Indeed,0,Marraige Family
321,0,3/24/21,Brazil,Community health worker,Indeed,0,Public Health
322,"
                    P√°gina 1 de 1 vagas",3/24/21,Brazil,Community health advocate,Indeed,1,Public Health
323,0,3/24/21,Brazil,Community outreach navigator,Indeed,0,Public Health
324,0,3/24/21,Brazil,Health coach,Indeed,0,Public Health
325,0,3/24/21,Brazil,Medical registrar,Indeed,0,Public Health
326,"
                    P√°gina 1 de 1 vagas",3/24/21,Brazil,Diabetes educator,Indeed,1,Public Health
327,"
                    P√°gina 1 de 4 vagas",3/24/21,Brazil,Health promotion specialist,Indeed,4,Public Health
328,"
                    P√°gina 1 de 214 vagas",3/24/21,Brazil,Health educator,Indeed,214,Public Health
329,0,3/24/21,Portugal,Commodity trader,Indeed,0,Buisness Administration
330,0,3/24/21,Portugal,Social service assistant,Indeed,0,Marraige Family
331,0,3/24/21,Portugal,Human service assistant,Indeed,0,Marraige Family
332,0,3/24/21,Portugal,Child care worker,Indeed,0,Marraige Family
333,0,3/24/21,Portugal,Case Aides,Indeed,0,Marraige Family
334,0,3/24/21,Portugal,Personal care aides,Indeed,0,Marraige Family
335,0,3/24/21,Portugal,psychiatric Technician,Indeed,0,Marraige Family
336,0,3/24/21,Portugal,Community health worker,Indeed,0,Public Health
337,0,3/24/21,Portugal,Community health advocate,Indeed,0,Public Health
338,0,3/24/21,Portugal,Community outreach navigator,Indeed,0,Public Health
339,0,3/24/21,Portugal,Health coach,Indeed,0,Public Health
340,0,3/24/21,Portugal,Medical registrar,Indeed,0,Public Health
341,0,3/24/21,Portugal,Diabetes educator,Indeed,0,Public Health
342,0,3/24/21,Portugal,Health promotion specialist,Indeed,0,Public Health
343,0,3/24/21,Portugal,Health educator,Indeed,0,Public Health
344,0,3/24/21,Chile,Commodity trader,Indeed,0,Buisness Administration
345,0,3/24/21,Chile,Social service assistant,Indeed,0,Marraige Family
346,0,3/24/21,Chile,Human service assistant,Indeed,0,Marraige Family
347,0,3/24/21,Chile,Child care worker,Indeed,0,Marraige Family
348,0,3/24/21,Chile,Case Aides,Indeed,0,Marraige Family
349,0,3/24/21,Chile,Personal care aides,Indeed,0,Marraige Family
350,"
                    P√°gina 1 de 1 empleos",3/24/21,Chile,psychiatric Technician,Indeed,1,Marraige Family
351,"
                    P√°gina 1 de 1 empleos",3/24/21,Chile,Community health worker,Indeed,1,Public Health
352,0,3/24/21,Chile,Community health advocate,Indeed,0,Public Health
353,0,3/24/21,Chile,Community outreach navigator,Indeed,0,Public Health
354,0,3/24/21,Chile,Health coach,Indeed,0,Public Health
355,0,3/24/21,Chile,Medical registrar,Indeed,0,Public Health
356,0,3/24/21,Chile,Diabetes educator,Indeed,0,Public Health
357,0,3/24/21,Chile,Health promotion specialist,Indeed,0,Public Health
358,"
                    P√°gina 1 de 1 empleos",3/24/21,Chile,Health educator,Indeed,1,Public Health
359,"
                    Page 1 of 314 jobs",3/24/21,USA,Commodity trader,Indeed,314,Buisness Administration
360,"
                    Page 1 of 442 jobs",3/24/21,USA,Social service assistant,Indeed,442,Marraige Family
361,"
                    Page 1 of 2,289 jobs",3/24/21,USA,Human service assistant,Indeed,2289,Marraige Family
362,"
                    Page 1 of 9,301 jobs",3/24/21,USA,Child care worker,Indeed,9301,Marraige Family
363,"
                    Page 1 of 893 jobs",3/24/21,USA,Case Aides,Indeed,893,Marraige Family
364,"
                    Page 1 of 29,475 jobs",3/24/21,USA,Personal care aides,Indeed,29475,Marraige Family
365,"
                    Page 1 of 4,002 jobs",3/24/21,USA,psychiatric Technician,Indeed,4002,Marraige Family
366,"
                    Page 1 of 52 jobs",3/24/21,USA,Community health worker,Indeed,52,Public Health
367,"
                    Page 1 of 1,078 jobs",3/24/21,USA,Community health advocate,Indeed,1078,Public Health
368,"
                    Page 1 of 540 jobs",3/24/21,USA,Community outreach navigator,Indeed,540,Public Health
369,"
                    Page 1 of 227 jobs",3/24/21,USA,Health coach,Indeed,227,Public Health
370,"
                    Page 1 of 286 jobs",3/24/21,USA,Medical registrar,Indeed,286,Public Health
371,"
                    Page 1 of 3,030 jobs",3/24/21,USA,Diabetes educator,Indeed,3030,Public Health
372,"
                    Page 1 of 171 jobs",3/24/21,USA,Health promotion specialist,Indeed,171,Public Health
373,"
                    Page 1 of 7,624 jobs",3/24/21,USA,Health educator,Indeed,7624,Public Health
374,0,3/24/21,USA,Health educator,Indeed,0,Public Health
375,"
                    Page 1 of 1,172 jobs",3/24/21,USA,Health educator,Indeed,1172,Public Health
376,"
                    Page 1 of 570 jobs",3/24/21,USA,Health educator,Indeed,570,Public Health
377,"
                    Page 1 of 215 jobs",3/24/21,USA,Health educator,Indeed,215,Public Health
378,"
                    Page 1 of 513 jobs",3/24/21,USA,Health educator,Indeed,513,Public Health
379,"
                    Page 1 of 21 jobs",3/24/21,USA,Health educator,Indeed,21,Public Health
380,"
                    Page 1 of 575 jobs",3/24/21,USA,Health educator,Indeed,575,Public Health
381,"
                    Page 1 of 153 jobs",3/24/21,USA,Health educator,Indeed,153,Public Health
382,0,3/24/21,remote,Health educator,Indeed,0,Public Health
383,"
                    Page 1 of 21 jobs",3/24/21,remote,Health educator,Indeed,21,Public Health
384,"
                    Page 1 of 135 jobs",3/24/21,remote,Health educator,Indeed,135,Public Health
385,"
                    Page 1 of 66 jobs",3/24/21,remote,Health educator,Indeed,66,Public Health
386,"
                    Page 1 of 140 jobs",3/24/21,remote,Health educator,Indeed,140,Public Health
387,"
                    Page 1 of 623 jobs",3/24/21,remote,Health educator,Indeed,623,Public Health
388,"
                    Page 1 of 234 jobs",3/24/21,remote,Health educator,Indeed,234,Public Health
389,"
                    Page 1 of 5 jobs",3/24/21,remote,Health educator,Indeed,5,Public Health
390,"
                    Page 1 of 139 jobs",3/24/21,remote,Health educator,Indeed,139,Public Health
391,"
                    Page 1 of 63 jobs",3/24/21,remote,Health educator,Indeed,63,Public Health
392,"
                    Page 1 of 73 jobs",3/24/21,remote,Health educator,Indeed,73,Public Health
393,"
                    Page 1 of 82 jobs",3/24/21,remote,Health educator,Indeed,82,Public Health
394,"
                    Page 1 of 109 jobs",3/24/21,remote,Health educator,Indeed,109,Public Health
395,"
                    Page 1 of 3 jobs",3/24/21,remote,Health educator,Indeed,3,Public Health
396,"
                    Page 1 of 126 jobs",3/24/21,remote,Health educator,Indeed,126,Public Health
397,0,3/24/21,remote,Health educator,Indeed,0,Public Health
398,"
                    Page 1 of 55 jobs",3/24/21,remote,Health educator,Indeed,55,Public Health
399,"
                    Page 1 of 11 jobs",3/24/21,remote,Health educator,Indeed,11,Public Health
400,"
                    Page 1 of 16 jobs",3/24/21,remote,Health educator,Indeed,16,Public Health
401,"
                    Page 1 of 34 jobs",3/24/21,remote,Health educator,Indeed,34,Public Health
402,"
                    Page 1 of 2 jobs",3/24/21,remote,Health educator,Indeed,2,Public Health
403,"
                    Page 1 of 108 jobs",3/24/21,remote,Health educator,Indeed,108,Public Health
404,"
                    Page 1 of 14 jobs",3/24/21,remote,Health educator,Indeed,14,Public Health
405,0,3/25/21,Saudi Arabia,Commodity trader,Indeed,0,Buisness Administration
406,"
                    ÿµŸÅÿ≠ÿ© 1 ŸÖŸÜ 1 Ÿàÿ∏ÿßÿ¶ŸÅ",3/25/21,Saudi Arabia,Social service assistant,Indeed,1,Marraige Family
407,"
                    ÿµŸÅÿ≠ÿ© 1 ŸÖŸÜ 1 Ÿàÿ∏ÿßÿ¶ŸÅ",3/25/21,Saudi Arabia,Human service assistant,Indeed,1,Marraige Family
408,0,3/25/21,Saudi Arabia,Child care worker,Indeed,0,Marraige Family
409,0,3/25/21,Saudi Arabia,Case Aides,Indeed,0,Marraige Family
410,0,3/25/21,Saudi Arabia,Personal care aides,Indeed,0,Marraige Family
411,0,3/25/21,Saudi Arabia,psychiatric Technician,Indeed,0,Marraige Family
412,0,3/25/21,Saudi Arabia,Community health worker,Indeed,0,Public Health
413,0,3/25/21,Saudi Arabia,Community health advocate,Indeed,0,Public Health
414,0,3/25/21,Saudi Arabia,Community outreach navigator,Indeed,0,Public Health
415,"
                    ÿµŸÅÿ≠ÿ© 1 ŸÖŸÜ 1 Ÿàÿ∏ÿßÿ¶ŸÅ",3/25/21,Saudi Arabia,Health coach,Indeed,1,Public Health
416,"
                    ÿµŸÅÿ≠ÿ© 1 ŸÖŸÜ 1 Ÿàÿ∏ÿßÿ¶ŸÅ",3/25/21,Saudi Arabia,Medical registrar,Indeed,1,Public Health
417,0,3/25/21,Saudi Arabia,Diabetes educator,Indeed,0,Public Health
418,"
                    ÿµŸÅÿ≠ÿ© 1 ŸÖŸÜ 1 Ÿàÿ∏ÿßÿ¶ŸÅ",3/25/21,Saudi Arabia,Health promotion specialist,Indeed,1,Public Health
419,0,3/25/21,Saudi Arabia,Health educator,Indeed,0,Public Health
420,"
                    Page 1 of 13 jobs",3/25/21,Singapore,Commodity trader,Indeed,13,Buisness Administration
421,"
                    Page 1 of 46 jobs",3/25/21,Singapore,Social service assistant,Indeed,46,Marraige Family
422,"
                    Page 1 of 18 jobs",3/25/21,Singapore,Human service assistant,Indeed,18,Marraige Family
423,"
                    Page 1 of 2 jobs",3/25/21,Singapore,Child care worker,Indeed,2,Marraige Family
424,"
                    Page 1 of 1 jobs",3/25/21,Singapore,Case Aides,Indeed,1,Marraige Family
425,0,3/25/21,Singapore,Personal care aides,Indeed,0,Marraige Family
426,0,3/25/21,Singapore,psychiatric Technician,Indeed,0,Marraige Family
427,0,3/25/21,Singapore,Community health worker,Indeed,0,Public Health
428,"
                    Page 1 of 2 jobs",3/25/21,Singapore,Community health advocate,Indeed,2,Public Health
429,0,3/25/21,Singapore,Community outreach navigator,Indeed,0,Public Health
430,"
                    Page 1 of 20 jobs",3/25/21,Singapore,Health coach,Indeed,20,Public Health
431,"
                    Page 1 of 4 jobs",3/25/21,Singapore,Medical registrar,Indeed,4,Public Health
432,0,3/25/21,Singapore,Diabetes educator,Indeed,0,Public Health
433,"
                    Page 1 of 4 jobs",3/25/21,Singapore,Health promotion specialist,Indeed,4,Public Health
434,"
                    Page 1 of 5 jobs",3/25/21,Singapore,Health educator,Indeed,5,Public Health
435,"
                    Page 1 of 4 jobs",3/25/21,Canada,Commodity trader,Indeed,4,Buisness Administration
436,"
                    Page 1 of 36 jobs",3/25/21,Canada,Social service assistant,Indeed,36,Marraige Family
437,"
                    Page 1 of 164 jobs",3/25/21,Canada,Human service assistant,Indeed,164,Marraige Family
438,"
                    Page 1 of 176 jobs",3/25/21,Canada,Child care worker,Indeed,176,Marraige Family
439,"
                    Page 1 of 19 jobs",3/25/21,Canada,Case Aides,Indeed,19,Marraige Family
440,"
                    Page 1 of 180 jobs",3/25/21,Canada,Personal care aides,Indeed,180,Marraige Family
441,0,3/25/21,Canada,psychiatric Technician,Indeed,0,Marraige Family
442,"
                    Page 1 of 493 jobs",3/25/21,Canada,Community health worker,Indeed,493,Public Health
443,"
                    Page 1 of 232 jobs",3/25/21,Canada,Community health advocate,Indeed,232,Public Health
444,"
                    Page 1 of 1 jobs",3/25/21,Canada,Community outreach navigator,Indeed,1,Public Health
445,"
                    Page 1 of 224 jobs",3/25/21,Canada,Health coach,Indeed,224,Public Health
446,"
                    Page 1 of 1 jobs",3/25/21,Canada,Medical registrar,Indeed,1,Public Health
447,"
                    Page 1 of 6 jobs",3/25/21,Canada,Diabetes educator,Indeed,6,Public Health
448,"
                    Page 1 of 22 jobs",3/25/21,Canada,Health promotion specialist,Indeed,22,Public Health
449,"
                    Page 1 of 78 jobs",3/25/21,Canada,Health educator,Indeed,78,Public Health
450,0,3/25/21,Nigeria,Commodity trader,Indeed,0,Buisness Administration
451,"
                    Page 1 of 1 jobs",3/25/21,Nigeria,Social service assistant,Indeed,1,Marraige Family
452,"
                    Page 1 of 2 jobs",3/25/21,Nigeria,Human service assistant,Indeed,2,Marraige Family
453,0,3/25/21,Nigeria,Child care worker,Indeed,0,Marraige Family
454,0,3/25/21,Nigeria,Case Aides,Indeed,0,Marraige Family
455,0,3/25/21,Nigeria,Personal care aides,Indeed,0,Marraige Family
456,0,3/25/21,Nigeria,psychiatric Technician,Indeed,0,Marraige Family
457,0,3/25/21,Nigeria,Community health worker,Indeed,0,Public Health
458,0,3/25/21,Nigeria,Community health advocate,Indeed,0,Public Health
459,0,3/25/21,Nigeria,Community outreach navigator,Indeed,0,Public Health
460,0,3/25/21,Nigeria,Health coach,Indeed,0,Public Health
461,0,3/25/21,Nigeria,Medical registrar,Indeed,0,Public Health
462,0,3/25/21,Nigeria,Diabetes educator,Indeed,0,Public Health
463,"
                    Page 1 of 1 jobs",3/25/21,Nigeria,Health promotion specialist,Indeed,1,Public Health
464,0,3/25/21,Nigeria,Health educator,Indeed,0,Public Health
465,0,3/25/21,Ireland,Commodity trader,Indeed,0,Buisness Administration
466,"
                    Page 1 of 48 jobs",3/25/21,Ireland,Social service assistant,Indeed,48,Marraige Family
467,"
                    Page 1 of 2 jobs",3/25/21,Ireland,Human service assistant,Indeed,2,Marraige Family
468,"
                    Page 1 of 1 jobs",3/25/21,Ireland,Child care worker,Indeed,1,Marraige Family
469,0,3/25/21,Ireland,Case Aides,Indeed,0,Marraige Family
470,0,3/25/21,Ireland,Personal care aides,Indeed,0,Marraige Family
471,0,3/25/21,Ireland,psychiatric Technician,Indeed,0,Marraige Family
472,"
                    Page 1 of 21 jobs",3/25/21,Ireland,Community health worker,Indeed,21,Public Health
473,"
                    Page 1 of 2 jobs",3/25/21,Ireland,Community health advocate,Indeed,2,Public Health
474,"
                    Page 1 of 1 jobs",3/25/21,Ireland,Community outreach navigator,Indeed,1,Public Health
475,"
                    Page 1 of 22 jobs",3/25/21,Ireland,Health coach,Indeed,22,Public Health
476,"
                    Page 1 of 2 jobs",3/25/21,Ireland,Medical registrar,Indeed,2,Public Health
477,0,3/25/21,Ireland,Diabetes educator,Indeed,0,Public Health
478,"
                    Page 1 of 4 jobs",3/25/21,Ireland,Health promotion specialist,Indeed,4,Public Health
479,0,3/25/21,Ireland,Health educator,Indeed,0,Public Health
480,"
                    Page 1 of 3 jobs",3/25/21,Hong Kong,Commodity trader,Indeed,3,Buisness Administration
481,"
                    Page 1 of 20 jobs",3/25/21,Hong Kong,Social service assistant,Indeed,20,Marraige Family
482,"
                    Page 1 of 36 jobs",3/25/21,Hong Kong,Human service assistant,Indeed,36,Marraige Family
483,"
                    Page 1 of 1 jobs",3/25/21,Hong Kong,Child care worker,Indeed,1,Marraige Family
484,0,3/25/21,Hong Kong,Case Aides,Indeed,0,Marraige Family
485,0,3/25/21,Hong Kong,Personal care aides,Indeed,0,Marraige Family
486,0,3/25/21,Hong Kong,psychiatric Technician,Indeed,0,Marraige Family
487,0,3/25/21,Hong Kong,Community health worker,Indeed,0,Public Health
488,0,3/25/21,Hong Kong,Community health advocate,Indeed,0,Public Health
489,0,3/25/21,Hong Kong,Community outreach navigator,Indeed,0,Public Health
490,"
                    Page 1 of 11 jobs",3/25/21,Hong Kong,Health coach,Indeed,11,Public Health
491,"
                    Page 1 of 1 jobs",3/25/21,Hong Kong,Medical registrar,Indeed,1,Public Health
492,0,3/25/21,Hong Kong,Diabetes educator,Indeed,0,Public Health
493,"
                    Page 1 of 3 jobs",3/25/21,Hong Kong,Health promotion specialist,Indeed,3,Public Health
494,0,3/25/21,Hong Kong,Health educator,Indeed,0,Public Health
495,0,3/25/21,Pakistan,Commodity trader,Indeed,0,Buisness Administration
496,"
                    Page 1 of 6 jobs",3/25/21,Pakistan,Social service assistant,Indeed,6,Marraige Family
497,"
                    Page 1 of 3 jobs",3/25/21,Pakistan,Human service assistant,Indeed,3,Marraige Family
498,"
                    Page 1 of 1 jobs",3/25/21,Pakistan,Child care worker,Indeed,1,Marraige Family
499,0,3/25/21,Pakistan,Case Aides,Indeed,0,Marraige Family
500,0,3/25/21,Pakistan,Personal care aides,Indeed,0,Marraige Family
501,0,3/25/21,Pakistan,psychiatric Technician,Indeed,0,Marraige Family
502,"
                    Page 1 of 3 jobs",3/25/21,Pakistan,Community health worker,Indeed,3,Public Health
503,"
                    Page 1 of 1 jobs",3/25/21,Pakistan,Community health advocate,Indeed,1,Public Health
504,0,3/25/21,Pakistan,Community outreach navigator,Indeed,0,Public Health
505,0,3/25/21,Pakistan,Health coach,Indeed,0,Public Health
506,0,3/25/21,Pakistan,Medical registrar,Indeed,0,Public Health
507,0,3/25/21,Pakistan,Diabetes educator,Indeed,0,Public Health
508,0,3/25/21,Pakistan,Health promotion specialist,Indeed,0,Public Health
509,0,3/25/21,Pakistan,Health educator,Indeed,0,Public Health
510,0,3/25/21,Kuwait,Commodity trader,Indeed,0,Buisness Administration
511,0,3/25/21,Kuwait,Social service assistant,Indeed,0,Marraige Family
512,0,3/25/21,Kuwait,Human service assistant,Indeed,0,Marraige Family
513,0,3/25/21,Kuwait,Child care worker,Indeed,0,Marraige Family
514,0,3/25/21,Kuwait,Case Aides,Indeed,0,Marraige Family
515,0,3/25/21,Kuwait,Personal care aides,Indeed,0,Marraige Family
516,0,3/25/21,Kuwait,psychiatric Technician,Indeed,0,Marraige Family
517,0,3/25/21,Kuwait,Community health worker,Indeed,0,Public Health
518,0,3/25/21,Kuwait,Community health advocate,Indeed,0,Public Health
519,0,3/25/21,Kuwait,Community outreach navigator,Indeed,0,Public Health
520,0,3/25/21,Kuwait,Health coach,Indeed,0,Public Health
521,0,3/25/21,Kuwait,Medical registrar,Indeed,0,Public Health
522,0,3/25/21,Kuwait,Diabetes educator,Indeed,0,Public Health
523,0,3/25/21,Kuwait,Health promotion specialist,Indeed,0,Public Health
524,0,3/25/21,Kuwait,Health educator,Indeed,0,Public Health
525,0,3/25/21,Luxembourg,Commodity trader,Indeed,0,Buisness Administration
526,"
                    Page 1 de 2 emplois",3/25/21,Luxembourg,Social service assistant,Indeed,2,Marraige Family
527,0,3/25/21,Luxembourg,Human service assistant,Indeed,0,Marraige Family
528,0,3/25/21,Luxembourg,Child care worker,Indeed,0,Marraige Family
529,"
                    Page 1 de 1 emplois",3/25/21,Luxembourg,Case Aides,Indeed,1,Marraige Family
530,"
                    Page 1 de 2 emplois",3/25/21,Luxembourg,Personal care aides,Indeed,2,Marraige Family
531,0,3/25/21,Luxembourg,psychiatric Technician,Indeed,0,Marraige Family
532,0,3/25/21,Luxembourg,Community health worker,Indeed,0,Public Health
533,0,3/25/21,Luxembourg,Community health advocate,Indeed,0,Public Health
534,0,3/25/21,Luxembourg,Community outreach navigator,Indeed,0,Public Health
535,0,3/25/21,Luxembourg,Health coach,Indeed,0,Public Health
536,0,3/25/21,Luxembourg,Medical registrar,Indeed,0,Public Health
537,0,3/25/21,Luxembourg,Diabetes educator,Indeed,0,Public Health
538,0,3/25/21,Luxembourg,Health promotion specialist,Indeed,0,Public Health
539,0,3/25/21,Luxembourg,Health educator,Indeed,0,Public Health
540,0,3/25/21,South Africa,Commodity trader,Indeed,0,Buisness Administration
541,"
                    Page 1 of 9 jobs",3/25/21,South Africa,Social service assistant,Indeed,9,Marraige Family
542,"
                    Page 1 of 4 jobs",3/25/21,South Africa,Human service assistant,Indeed,4,Marraige Family
543,0,3/25/21,South Africa,Child care worker,Indeed,0,Marraige Family
544,0,3/25/21,South Africa,Case Aides,Indeed,0,Marraige Family
545,0,3/25/21,South Africa,Personal care aides,Indeed,0,Marraige Family
546,0,3/25/21,South Africa,psychiatric Technician,Indeed,0,Marraige Family
547,"
                    Page 1 of 2 jobs",3/25/21,South Africa,Community health worker,Indeed,2,Public Health
548,0,3/25/21,South Africa,Community health advocate,Indeed,0,Public Health
549,0,3/25/21,South Africa,Community outreach navigator,Indeed,0,Public Health
550,"
                    Page 1 of 13 jobs",3/25/21,South Africa,Health coach,Indeed,13,Public Health
551,0,3/25/21,South Africa,Medical registrar,Indeed,0,Public Health
552,0,3/25/21,South Africa,Diabetes educator,Indeed,0,Public Health
553,0,3/25/21,South Africa,Health promotion specialist,Indeed,0,Public Health
554,0,3/25/21,South Africa,Health educator,Indeed,0,Public Health
555,"
                    Page 1 of 10 jobs",3/25/21,United Kingdom,Commodity trader,Indeed,10,Buisness Administration
556,"
                    Page 1 of 15 jobs",3/25/21,United Kingdom,Social service assistant,Indeed,15,Marraige Family
557,"
                    Page 1 of 91 jobs",3/25/21,United Kingdom,Human service assistant,Indeed,91,Marraige Family
558,"
                    Page 1 of 331 jobs",3/25/21,United Kingdom,Child care worker,Indeed,331,Marraige Family
559,0,3/25/21,United Kingdom,Case Aides,Indeed,0,Marraige Family
560,"
                    Page 1 of 7 jobs",3/25/21,United Kingdom,Personal care aides,Indeed,7,Marraige Family
561,0,3/25/21,United Kingdom,psychiatric Technician,Indeed,0,Marraige Family
562,"
                    Page 1 of 990 jobs",3/25/21,United Kingdom,Community health worker,Indeed,990,Public Health
563,"
                    Page 1 of 128 jobs",3/25/21,United Kingdom,Community health advocate,Indeed,128,Public Health
564,"
                    Page 1 of 1 jobs",3/25/21,United Kingdom,Community outreach navigator,Indeed,1,Public Health
565,"
                    Page 1 of 337 jobs",3/25/21,United Kingdom,Health coach,Indeed,337,Public Health
566,"
                    Page 1 of 22 jobs",3/25/21,United Kingdom,Medical registrar,Indeed,22,Public Health
567,0,3/25/21,United Kingdom,Diabetes educator,Indeed,0,Public Health
568,"
                    Page 1 of 110 jobs",3/25/21,United Kingdom,Health promotion specialist,Indeed,110,Public Health
569,"
                    Page 1 of 39 jobs",3/25/21,United Kingdom,Health educator,Indeed,39,Public Health
570,"
                    Page 1 of 1 jobs",3/25/21,New Zealand,Commodity trader,Indeed,1,Buisness Administration
571,"
                    Page 1 of 3 jobs",3/25/21,New Zealand,Social service assistant,Indeed,3,Marraige Family
572,"
                    Page 1 of 2 jobs",3/25/21,New Zealand,Human service assistant,Indeed,2,Marraige Family
573,"
                    Page 1 of 3 jobs",3/25/21,New Zealand,Child care worker,Indeed,3,Marraige Family
574,0,3/25/21,New Zealand,Case Aides,Indeed,0,Marraige Family
575,0,3/25/21,New Zealand,Personal care aides,Indeed,0,Marraige Family
576,0,3/25/21,New Zealand,psychiatric Technician,Indeed,0,Marraige Family
577,"
                    Page 1 of 18 jobs",3/25/21,New Zealand,Community health worker,Indeed,18,Public Health
578,"
                    Page 1 of 3 jobs",3/25/21,New Zealand,Community health advocate,Indeed,3,Public Health
579,0,3/25/21,New Zealand,Community outreach navigator,Indeed,0,Public Health
580,"
                    Page 1 of 4 jobs",3/25/21,New Zealand,Health coach,Indeed,4,Public Health
581,"
                    Page 1 of 15 jobs",3/25/21,New Zealand,Medical registrar,Indeed,15,Public Health
582,0,3/25/21,New Zealand,Diabetes educator,Indeed,0,Public Health
583,"
                    Page 1 of 1 jobs",3/25/21,New Zealand,Health promotion specialist,Indeed,1,Public Health
584,"
                    Page 1 of 2 jobs",3/25/21,New Zealand,Health educator,Indeed,2,Public Health
585,0,3/25/21,Malaysia,Commodity trader,Indeed,0,Buisness Administration
586,"
                    Page 1 of 51 jobs",3/25/21,Malaysia,Social service assistant,Indeed,51,Marraige Family
587,"
                    Page 1 of 16 jobs",3/25/21,Malaysia,Human service assistant,Indeed,16,Marraige Family
588,"
                    Page 1 of 2 jobs",3/25/21,Malaysia,Child care worker,Indeed,2,Marraige Family
589,0,3/25/21,Malaysia,Case Aides,Indeed,0,Marraige Family
590,0,3/25/21,Malaysia,Personal care aides,Indeed,0,Marraige Family
591,0,3/25/21,Malaysia,psychiatric Technician,Indeed,0,Marraige Family
592,0,3/25/21,Malaysia,Community health worker,Indeed,0,Public Health
593,0,3/25/21,Malaysia,Community health advocate,Indeed,0,Public Health
594,0,3/25/21,Malaysia,Community outreach navigator,Indeed,0,Public Health
595,"
                    Page 1 of 10 jobs",3/25/21,Malaysia,Health coach,Indeed,10,Public Health
596,"
                    Page 1 of 1 jobs",3/25/21,Malaysia,Medical registrar,Indeed,1,Public Health
597,0,3/25/21,Malaysia,Diabetes educator,Indeed,0,Public Health
598,"
                    Page 1 of 1 jobs",3/25/21,Malaysia,Health promotion specialist,Indeed,1,Public Health
599,"
                    Page 1 of 1 jobs",3/25/21,Malaysia,Health educator,Indeed,1,Public Health
600,0,3/25/21,India,Commodity trader,Indeed,0,Buisness Administration
601,0,3/25/21,India,Social service assistant,Indeed,0,Marraige Family
602,0,3/25/21,India,Human service assistant,Indeed,0,Marraige Family
603,0,3/25/21,India,Child care worker,Indeed,0,Marraige Family
604,0,3/25/21,India,Case Aides,Indeed,0,Marraige Family
605,0,3/25/21,India,Personal care aides,Indeed,0,Marraige Family
606,0,3/25/21,India,psychiatric Technician,Indeed,0,Marraige Family
607,0,3/25/21,India,Community health worker,Indeed,0,Public Health
608,0,3/25/21,India,Community health advocate,Indeed,0,Public Health
609,0,3/25/21,India,Community outreach navigator,Indeed,0,Public Health
610,0,3/25/21,India,Health coach,Indeed,0,Public Health
611,0,3/25/21,India,Medical registrar,Indeed,0,Public Health
612,0,3/25/21,India,Diabetes educator,Indeed,0,Public Health
613,0,3/25/21,India,Health promotion specialist,Indeed,0,Public Health
614,0,3/25/21,India,Health educator,Indeed,0,Public Health
615,0,3/25/21,Philippines,Commodity trader,Indeed,0,Buisness Administration
616,"
                    Page 1 of 41 jobs",3/25/21,Philippines,Social service assistant,Indeed,41,Marraige Family
617,"
                    Page 1 of 8 jobs",3/25/21,Philippines,Human service assistant,Indeed,8,Marraige Family
618,0,3/25/21,Philippines,Child care worker,Indeed,0,Marraige Family
619,"
                    Page 1 of 2 jobs",3/25/21,Philippines,Case Aides,Indeed,2,Marraige Family
620,"
                    Page 1 of 2 jobs",3/25/21,Philippines,Personal care aides,Indeed,2,Marraige Family
621,0,3/25/21,Philippines,psychiatric Technician,Indeed,0,Marraige Family
622,0,3/25/21,Philippines,Community health worker,Indeed,0,Public Health
623,"
                    Page 1 of 4 jobs",3/25/21,Philippines,Community health advocate,Indeed,4,Public Health
624,0,3/25/21,Philippines,Community outreach navigator,Indeed,0,Public Health
625,"
                    Page 1 of 12 jobs",3/25/21,Philippines,Health coach,Indeed,12,Public Health
626,0,3/25/21,Philippines,Medical registrar,Indeed,0,Public Health
627,0,3/25/21,Philippines,Diabetes educator,Indeed,0,Public Health
628,"
                    Page 1 of 3 jobs",3/25/21,Philippines,Health promotion specialist,Indeed,3,Public Health
629,0,3/25/21,Philippines,Health educator,Indeed,0,Public Health
630,"
                    Page 1 of 1 jobs",3/25/21,Australia,Commodity trader,Indeed,1,Buisness Administration
631,"
                    Page 1 of 116 jobs",3/25/21,Australia,Social service assistant,Indeed,116,Marraige Family
632,"
                    Page 1 of 17 jobs",3/25/21,Australia,Human service assistant,Indeed,17,Marraige Family
633,"
                    Page 1 of 43 jobs",3/25/21,Australia,Child care worker,Indeed,43,Marraige Family
634,"
                    Page 1 of 1 jobs",3/25/21,Australia,Case Aides,Indeed,1,Marraige Family
635,"
                    Page 1 of 3 jobs",3/25/21,Australia,Personal care aides,Indeed,3,Marraige Family
636,0,3/25/21,Australia,psychiatric Technician,Indeed,0,Marraige Family
637,"
                    Page 1 of 308 jobs",3/25/21,Australia,Community health worker,Indeed,308,Public Health
638,"
                    Page 1 of 53 jobs",3/25/21,Australia,Community health advocate,Indeed,53,Public Health
639,0,3/25/21,Australia,Community outreach navigator,Indeed,0,Public Health
640,"
                    Page 1 of 74 jobs",3/25/21,Australia,Health coach,Indeed,74,Public Health
641,"
                    Page 1 of 86 jobs",3/25/21,Australia,Medical registrar,Indeed,86,Public Health
642,"
                    Page 1 of 10 jobs",3/25/21,Australia,Diabetes educator,Indeed,10,Public Health
643,"
                    Page 1 of 31 jobs",3/25/21,Australia,Health promotion specialist,Indeed,31,Public Health
644,"
                    Page 1 of 86 jobs",3/25/21,Australia,Health educator,Indeed,86,Public Health
645,0,3/25/21,Indonesia,Commodity trader,Indeed,0,Buisness Administration
646,0,3/25/21,Indonesia,Social service assistant,Indeed,0,Marraige Family
647,0,3/25/21,Indonesia,Human service assistant,Indeed,0,Marraige Family
648,0,3/25/21,Indonesia,Child care worker,Indeed,0,Marraige Family
649,0,3/25/21,Indonesia,Case Aides,Indeed,0,Marraige Family
650,0,3/25/21,Indonesia,Personal care aides,Indeed,0,Marraige Family
651,0,3/25/21,Indonesia,psychiatric Technician,Indeed,0,Marraige Family
652,0,3/25/21,Indonesia,Community health worker,Indeed,0,Public Health
653,0,3/25/21,Indonesia,Community health advocate,Indeed,0,Public Health
654,0,3/25/21,Indonesia,Community outreach navigator,Indeed,0,Public Health
655,0,3/25/21,Indonesia,Health coach,Indeed,0,Public Health
656,0,3/25/21,Indonesia,Medical registrar,Indeed,0,Public Health
657,0,3/25/21,Indonesia,Diabetes educator,Indeed,0,Public Health
658,0,3/25/21,Indonesia,Health promotion specialist,Indeed,0,Public Health
659,0,3/25/21,Indonesia,Health educator,Indeed,0,Public Health
660,0,3/25/21,Argentina,Commodity trader,Indeed,0,Buisness Administration
661,0,3/25/21,Argentina,Social service assistant,Indeed,0,Marraige Family
662,0,3/25/21,Argentina,Human service assistant,Indeed,0,Marraige Family
663,0,3/25/21,Argentina,Child care worker,Indeed,0,Marraige Family
664,0,3/25/21,Argentina,Case Aides,Indeed,0,Marraige Family
665,0,3/25/21,Argentina,Personal care aides,Indeed,0,Marraige Family
666,0,3/25/21,Argentina,psychiatric Technician,Indeed,0,Marraige Family
667,0,3/25/21,Argentina,Community health worker,Indeed,0,Public Health
668,0,3/25/21,Argentina,Community health advocate,Indeed,0,Public Health
669,0,3/25/21,Argentina,Community outreach navigator,Indeed,0,Public Health
670,0,3/25/21,Argentina,Health coach,Indeed,0,Public Health
671,0,3/25/21,Argentina,Medical registrar,Indeed,0,Public Health
672,0,3/25/21,Argentina,Diabetes educator,Indeed,0,Public Health
673,0,3/25/21,Argentina,Health promotion specialist,Indeed,0,Public Health
674,0,3/25/21,Argentina,Health educator,Indeed,0,Public Health
675,0,3/25/21,Austria,Commodity trader,Indeed,0,Buisness Administration
676,0,3/25/21,Austria,Social service assistant,Indeed,0,Marraige Family
677,0,3/25/21,Austria,Human service assistant,Indeed,0,Marraige Family
678,0,3/25/21,Austria,Child care worker,Indeed,0,Marraige Family
679,0,3/25/21,Austria,Case Aides,Indeed,0,Marraige Family
680,0,3/25/21,Austria,Personal care aides,Indeed,0,Marraige Family
681,0,3/25/21,Austria,psychiatric Technician,Indeed,0,Marraige Family
682,0,3/25/21,Austria,Community health worker,Indeed,0,Public Health
683,0,3/25/21,Austria,Community health advocate,Indeed,0,Public Health
684,0,3/25/21,Austria,Community outreach navigator,Indeed,0,Public Health
685,0,3/25/21,Austria,Health coach,Indeed,0,Public Health
686,0,3/25/21,Austria,Medical registrar,Indeed,0,Public Health
687,0,3/25/21,Austria,Diabetes educator,Indeed,0,Public Health
688,0,3/25/21,Austria,Health promotion specialist,Indeed,0,Public Health
689,0,3/25/21,Austria,Health educator,Indeed,0,Public Health
690,0,3/25/21,Germany,Commodity trader,Indeed,0,Buisness Administration
691,0,3/25/21,Germany,Social service assistant,Indeed,0,Marraige Family
692,0,3/25/21,Germany,Human service assistant,Indeed,0,Marraige Family
693,0,3/25/21,Germany,Child care worker,Indeed,0,Marraige Family
694,0,3/25/21,Germany,Case Aides,Indeed,0,Marraige Family
695,0,3/25/21,Germany,Personal care aides,Indeed,0,Marraige Family
696,0,3/25/21,Germany,psychiatric Technician,Indeed,0,Marraige Family
697,0,3/25/21,Germany,Community health worker,Indeed,0,Public Health
698,0,3/25/21,Germany,Community health advocate,Indeed,0,Public Health
699,0,3/25/21,Germany,Community outreach navigator,Indeed,0,Public Health
700,0,3/25/21,Germany,Health coach,Indeed,0,Public Health
701,0,3/25/21,Germany,Medical registrar,Indeed,0,Public Health
702,0,3/25/21,Germany,Diabetes educator,Indeed,0,Public Health
703,0,3/25/21,Germany,Health promotion specialist,Indeed,0,Public Health
704,0,3/25/21,Germany,Health educator,Indeed,0,Public Health
705,0,3/25/21,Belgium,Commodity trader,Indeed,0,Buisness Administration
706,0,3/25/21,Belgium,Social service assistant,Indeed,0,Marraige Family
707,0,3/25/21,Belgium,Human service assistant,Indeed,0,Marraige Family
708,0,3/25/21,Belgium,Child care worker,Indeed,0,Marraige Family
709,0,3/25/21,Belgium,Case Aides,Indeed,0,Marraige Family
710,0,3/25/21,Belgium,Personal care aides,Indeed,0,Marraige Family
711,0,3/25/21,Belgium,psychiatric Technician,Indeed,0,Marraige Family
712,0,3/25/21,Belgium,Community health worker,Indeed,0,Public Health
713,0,3/25/21,Belgium,Community health advocate,Indeed,0,Public Health
714,0,3/25/21,Belgium,Community outreach navigator,Indeed,0,Public Health
715,0,3/25/21,Belgium,Health coach,Indeed,0,Public Health
716,0,3/25/21,Belgium,Medical registrar,Indeed,0,Public Health
717,0,3/25/21,Belgium,Diabetes educator,Indeed,0,Public Health
718,0,3/25/21,Belgium,Health promotion specialist,Indeed,0,Public Health
719,0,3/25/21,Belgium,Health educator,Indeed,0,Public Health
720,0,3/25/21,Brazil,Commodity trader,Indeed,0,Buisness Administration
721,0,3/25/21,Brazil,Social service assistant,Indeed,0,Marraige Family
722,0,3/25/21,Brazil,Human service assistant,Indeed,0,Marraige Family
723,"
                    P√°gina 1 de 33 vagas",3/25/21,Brazil,Child care worker,Indeed,33,Marraige Family
724,"
                    P√°gina 1 de 2 vagas",3/25/21,Brazil,Case Aides,Indeed,2,Marraige Family
725,0,3/25/21,Brazil,Personal care aides,Indeed,0,Marraige Family
726,0,3/25/21,Brazil,psychiatric Technician,Indeed,0,Marraige Family
727,0,3/25/21,Brazil,Community health worker,Indeed,0,Public Health
728,"
                    P√°gina 1 de 1 vagas",3/25/21,Brazil,Community health advocate,Indeed,1,Public Health
729,0,3/25/21,Brazil,Community outreach navigator,Indeed,0,Public Health
730,0,3/25/21,Brazil,Health coach,Indeed,0,Public Health
731,0,3/25/21,Brazil,Medical registrar,Indeed,0,Public Health
732,0,3/25/21,Brazil,Diabetes educator,Indeed,0,Public Health
733,"
                    P√°gina 1 de 4 vagas",3/25/21,Brazil,Health promotion specialist,Indeed,4,Public Health
734,"
                    P√°gina 1 de 169 vagas",3/25/21,Brazil,Health educator,Indeed,169,Public Health
735,0,3/25/21,Portugal,Commodity trader,Indeed,0,Buisness Administration
736,0,3/25/21,Portugal,Social service assistant,Indeed,0,Marraige Family
737,0,3/25/21,Portugal,Human service assistant,Indeed,0,Marraige Family
738,0,3/25/21,Portugal,Child care worker,Indeed,0,Marraige Family
739,0,3/25/21,Portugal,Case Aides,Indeed,0,Marraige Family
740,0,3/25/21,Portugal,Personal care aides,Indeed,0,Marraige Family
741,0,3/25/21,Portugal,psychiatric Technician,Indeed,0,Marraige Family
742,0,3/25/21,Portugal,Community health worker,Indeed,0,Public Health
743,0,3/25/21,Portugal,Community health advocate,Indeed,0,Public Health
744,0,3/25/21,Portugal,Community outreach navigator,Indeed,0,Public Health
745,0,3/25/21,Portugal,Health coach,Indeed,0,Public Health
746,0,3/25/21,Portugal,Medical registrar,Indeed,0,Public Health
747,0,3/25/21,Portugal,Diabetes educator,Indeed,0,Public Health
748,0,3/25/21,Portugal,Health promotion specialist,Indeed,0,Public Health
749,0,3/25/21,Portugal,Health educator,Indeed,0,Public Health
750,0,3/25/21,Chile,Commodity trader,Indeed,0,Buisness Administration
751,0,3/25/21,Chile,Social service assistant,Indeed,0,Marraige Family
752,0,3/25/21,Chile,Human service assistant,Indeed,0,Marraige Family
753,0,3/25/21,Chile,Child care worker,Indeed,0,Marraige Family
754,0,3/25/21,Chile,Case Aides,Indeed,0,Marraige Family
755,0,3/25/21,Chile,Personal care aides,Indeed,0,Marraige Family
756,"
                    P√°gina 1 de 1 empleos",3/25/21,Chile,psychiatric Technician,Indeed,1,Marraige Family
757,0,3/25/21,Chile,Community health worker,Indeed,0,Public Health
758,0,3/25/21,Chile,Community health advocate,Indeed,0,Public Health
759,0,3/25/21,Chile,Community outreach navigator,Indeed,0,Public Health
760,0,3/25/21,Chile,Health coach,Indeed,0,Public Health
761,0,3/25/21,Chile,Medical registrar,Indeed,0,Public Health
762,0,3/25/21,Chile,Diabetes educator,Indeed,0,Public Health
763,0,3/25/21,Chile,Health promotion specialist,Indeed,0,Public Health
764,0,3/25/21,Chile,Health educator,Indeed,0,Public Health
765,0,3/26/21,Saudi Arabia,Commodity trader,Indeed,0,Buisness Administration
766,0,3/26/21,Saudi Arabia,Social service assistant,Indeed,0,Marraige Family
767,0,3/26/21,Saudi Arabia,Human service assistant,Indeed,0,Marraige Family
768,0,3/26/21,Saudi Arabia,Child care worker,Indeed,0,Marraige Family
769,0,3/26/21,Saudi Arabia,Case Aides,Indeed,0,Marraige Family
770,0,3/26/21,Saudi Arabia,Personal care aides,Indeed,0,Marraige Family
771,0,3/26/21,Saudi Arabia,psychiatric Technician,Indeed,0,Marraige Family
772,0,3/26/21,Saudi Arabia,Community health worker,Indeed,0,Public Health
773,0,3/26/21,Saudi Arabia,Community health advocate,Indeed,0,Public Health
774,0,3/26/21,Saudi Arabia,Community outreach navigator,Indeed,0,Public Health
775,"
                    ÿµŸÅÿ≠ÿ© 1 ŸÖŸÜ 2 Ÿàÿ∏ÿßÿ¶ŸÅ",3/26/21,Saudi Arabia,Health coach,Indeed,2,Public Health
776,0,3/26/21,Saudi Arabia,Medical registrar,Indeed,0,Public Health
777,0,3/26/21,Saudi Arabia,Diabetes educator,Indeed,0,Public Health
778,"
                    ÿµŸÅÿ≠ÿ© 1 ŸÖŸÜ 1 Ÿàÿ∏ÿßÿ¶ŸÅ",3/26/21,Saudi Arabia,Health promotion specialist,Indeed,1,Public Health
779,0,3/26/21,Saudi Arabia,Health educator,Indeed,0,Public Health
780,"
                    Page 1 of 13 jobs",3/26/21,Singapore,Commodity trader,Indeed,13,Buisness Administration
781,"
                    Page 1 of 37 jobs",3/26/21,Singapore,Social service assistant,Indeed,37,Marraige Family
782,"
                    Page 1 of 12 jobs",3/26/21,Singapore,Human service assistant,Indeed,12,Marraige Family
783,"
                    Page 1 of 2 jobs",3/26/21,Singapore,Child care worker,Indeed,2,Marraige Family
784,"
                    Page 1 of 1 jobs",3/26/21,Singapore,Case Aides,Indeed,1,Marraige Family
785,"
                    Page 1 of 1 jobs",3/26/21,Singapore,Personal care aides,Indeed,1,Marraige Family
786,0,3/26/21,Singapore,psychiatric Technician,Indeed,0,Marraige Family
787,"
                    Page 1 of 2 jobs",3/26/21,Singapore,Community health worker,Indeed,2,Public Health
788,"
                    Page 1 of 2 jobs",3/26/21,Singapore,Community health advocate,Indeed,2,Public Health
789,0,3/26/21,Singapore,Community outreach navigator,Indeed,0,Public Health
790,"
                    Page 1 of 18 jobs",3/26/21,Singapore,Health coach,Indeed,18,Public Health
791,"
                    Page 1 of 2 jobs",3/26/21,Singapore,Medical registrar,Indeed,2,Public Health
792,0,3/26/21,Singapore,Diabetes educator,Indeed,0,Public Health
793,"
                    Page 1 of 2 jobs",3/26/21,Singapore,Health promotion specialist,Indeed,2,Public Health
794,"
                    Page 1 of 3 jobs",3/26/21,Singapore,Health educator,Indeed,3,Public Health
795,"
                    Page 1 of 2 jobs",3/26/21,Canada,Commodity trader,Indeed,2,Buisness Administration
796,"
                    Page 1 of 27 jobs",3/26/21,Canada,Social service assistant,Indeed,27,Marraige Family
797,"
                    Page 1 of 127 jobs",3/26/21,Canada,Human service assistant,Indeed,127,Marraige Family
798,"
                    Page 1 of 129 jobs",3/26/21,Canada,Child care worker,Indeed,129,Marraige Family
799,"
                    Page 1 of 13 jobs",3/26/21,Canada,Case Aides,Indeed,13,Marraige Family
800,"
                    Page 1 of 155 jobs",3/26/21,Canada,Personal care aides,Indeed,155,Marraige Family
801,"
                    Page 1 of 1 jobs",3/26/21,Canada,psychiatric Technician,Indeed,1,Marraige Family
802,"
                    Page 1 of 421 jobs",3/26/21,Canada,Community health worker,Indeed,421,Public Health
803,"
                    Page 1 of 213 jobs",3/26/21,Canada,Community health advocate,Indeed,213,Public Health
804,0,3/26/21,Canada,Community outreach navigator,Indeed,0,Public Health
805,"
                    Page 1 of 200 jobs",3/26/21,Canada,Health coach,Indeed,200,Public Health
806,"
                    Page 1 of 1 jobs",3/26/21,Canada,Medical registrar,Indeed,1,Public Health
807,"
                    Page 1 of 3 jobs",3/26/21,Canada,Diabetes educator,Indeed,3,Public Health
808,"
                    Page 1 of 23 jobs",3/26/21,Canada,Health promotion specialist,Indeed,23,Public Health
809,"
                    Page 1 of 72 jobs",3/26/21,Canada,Health educator,Indeed,72,Public Health
810,0,3/26/21,Nigeria,Commodity trader,Indeed,0,Buisness Administration
811,"
                    Page 1 of 7 jobs",3/26/21,Nigeria,Social service assistant,Indeed,7,Marraige Family
812,"
                    Page 1 of 1 jobs",3/26/21,Nigeria,Human service assistant,Indeed,1,Marraige Family
813,0,3/26/21,Nigeria,Child care worker,Indeed,0,Marraige Family
814,0,3/26/21,Nigeria,Case Aides,Indeed,0,Marraige Family
815,0,3/26/21,Nigeria,Personal care aides,Indeed,0,Marraige Family
816,0,3/26/21,Nigeria,psychiatric Technician,Indeed,0,Marraige Family
817,"
                    Page 1 of 2 jobs",3/26/21,Nigeria,Community health worker,Indeed,2,Public Health
818,0,3/26/21,Nigeria,Community health advocate,Indeed,0,Public Health
819,0,3/26/21,Nigeria,Community outreach navigator,Indeed,0,Public Health
820,0,3/26/21,Nigeria,Health coach,Indeed,0,Public Health
821,0,3/26/21,Nigeria,Medical registrar,Indeed,0,Public Health
822,0,3/26/21,Nigeria,Diabetes educator,Indeed,0,Public Health
823,0,3/26/21,Nigeria,Health promotion specialist,Indeed,0,Public Health
824,0,3/26/21,Nigeria,Health educator,Indeed,0,Public Health
825,0,3/26/21,Ireland,Commodity trader,Indeed,0,Buisness Administration
826,"
                    Page 1 of 25 jobs",3/26/21,Ireland,Social service assistant,Indeed,25,Marraige Family
827,"
                    Page 1 of 1 jobs",3/26/21,Ireland,Human service assistant,Indeed,1,Marraige Family
828,"
                    Page 1 of 6 jobs",3/26/21,Ireland,Child care worker,Indeed,6,Marraige Family
829,0,3/26/21,Ireland,Case Aides,Indeed,0,Marraige Family
830,0,3/26/21,Ireland,Personal care aides,Indeed,0,Marraige Family
831,0,3/26/21,Ireland,psychiatric Technician,Indeed,0,Marraige Family
832,"
                    Page 1 of 11 jobs",3/26/21,Ireland,Community health worker,Indeed,11,Public Health
833,0,3/26/21,Ireland,Community health advocate,Indeed,0,Public Health
834,0,3/26/21,Ireland,Community outreach navigator,Indeed,0,Public Health
835,"
                    Page 1 of 14 jobs",3/26/21,Ireland,Health coach,Indeed,14,Public Health
836,"
                    Page 1 of 3 jobs",3/26/21,Ireland,Medical registrar,Indeed,3,Public Health
837,0,3/26/21,Ireland,Diabetes educator,Indeed,0,Public Health
838,"
                    Page 1 of 1 jobs",3/26/21,Ireland,Health promotion specialist,Indeed,1,Public Health
839,"
                    Page 1 of 4 jobs",3/26/21,Ireland,Health educator,Indeed,4,Public Health
840,"
                    Page 1 of 3 jobs",3/26/21,Hong Kong,Commodity trader,Indeed,3,Buisness Administration
841,"
                    Page 1 of 33 jobs",3/26/21,Hong Kong,Social service assistant,Indeed,33,Marraige Family
842,"
                    Page 1 of 31 jobs",3/26/21,Hong Kong,Human service assistant,Indeed,31,Marraige Family
843,"
                    Page 1 of 2 jobs",3/26/21,Hong Kong,Child care worker,Indeed,2,Marraige Family
844,0,3/26/21,Hong Kong,Case Aides,Indeed,0,Marraige Family
845,0,3/26/21,Hong Kong,Personal care aides,Indeed,0,Marraige Family
846,0,3/26/21,Hong Kong,psychiatric Technician,Indeed,0,Marraige Family
847,"
                    Page 1 of 1 jobs",3/26/21,Hong Kong,Community health worker,Indeed,1,Public Health
848,0,3/26/21,Hong Kong,Community health advocate,Indeed,0,Public Health
849,0,3/26/21,Hong Kong,Community outreach navigator,Indeed,0,Public Health
850,"
                    Page 1 of 6 jobs",3/26/21,Hong Kong,Health coach,Indeed,6,Public Health
851,"
                    Page 1 of 2 jobs",3/26/21,Hong Kong,Medical registrar,Indeed,2,Public Health
852,0,3/26/21,Hong Kong,Diabetes educator,Indeed,0,Public Health
853,"
                    Page 1 of 2 jobs",3/26/21,Hong Kong,Health promotion specialist,Indeed,2,Public Health
854,0,3/26/21,Hong Kong,Health educator,Indeed,0,Public Health
855,0,3/26/21,Pakistan,Commodity trader,Indeed,0,Buisness Administration
856,"
                    Page 1 of 5 jobs",3/26/21,Pakistan,Social service assistant,Indeed,5,Marraige Family
857,"
                    Page 1 of 1 jobs",3/26/21,Pakistan,Human service assistant,Indeed,1,Marraige Family
858,"
                    Page 1 of 2 jobs",3/26/21,Pakistan,Child care worker,Indeed,2,Marraige Family
859,0,3/26/21,Pakistan,Case Aides,Indeed,0,Marraige Family
860,0,3/26/21,Pakistan,Personal care aides,Indeed,0,Marraige Family
861,0,3/26/21,Pakistan,psychiatric Technician,Indeed,0,Marraige Family
862,"
                    Page 1 of 2 jobs",3/26/21,Pakistan,Community health worker,Indeed,2,Public Health
863,"
                    Page 1 of 2 jobs",3/26/21,Pakistan,Community health advocate,Indeed,2,Public Health
864,0,3/26/21,Pakistan,Community outreach navigator,Indeed,0,Public Health
865,0,3/26/21,Pakistan,Health coach,Indeed,0,Public Health
866,0,3/26/21,Pakistan,Medical registrar,Indeed,0,Public Health
867,0,3/26/21,Pakistan,Diabetes educator,Indeed,0,Public Health
868,0,3/26/21,Pakistan,Health promotion specialist,Indeed,0,Public Health
869,0,3/26/21,Pakistan,Health educator,Indeed,0,Public Health
870,0,3/26/21,Kuwait,Commodity trader,Indeed,0,Buisness Administration
871,"
                    Page 1 of 1 jobs",3/26/21,Kuwait,Social service assistant,Indeed,1,Marraige Family
872,"
                    Page 1 of 1 jobs",3/26/21,Kuwait,Human service assistant,Indeed,1,Marraige Family
873,0,3/26/21,Kuwait,Child care worker,Indeed,0,Marraige Family
874,0,3/26/21,Kuwait,Case Aides,Indeed,0,Marraige Family
875,0,3/26/21,Kuwait,Personal care aides,Indeed,0,Marraige Family
876,0,3/26/21,Kuwait,psychiatric Technician,Indeed,0,Marraige Family
877,0,3/26/21,Kuwait,Community health worker,Indeed,0,Public Health
878,0,3/26/21,Kuwait,Community health advocate,Indeed,0,Public Health
879,0,3/26/21,Kuwait,Community outreach navigator,Indeed,0,Public Health
880,0,3/26/21,Kuwait,Health coach,Indeed,0,Public Health
881,0,3/26/21,Kuwait,Medical registrar,Indeed,0,Public Health
882,0,3/26/21,Kuwait,Diabetes educator,Indeed,0,Public Health
883,"
                    Page 1 of 1 jobs",3/26/21,Kuwait,Health promotion specialist,Indeed,1,Public Health
884,0,3/26/21,Kuwait,Health educator,Indeed,0,Public Health
885,0,3/26/21,Luxembourg,Commodity trader,Indeed,0,Buisness Administration
886,"
                    Page 1 de 2 emplois",3/26/21,Luxembourg,Social service assistant,Indeed,2,Marraige Family
887,0,3/26/21,Luxembourg,Human service assistant,Indeed,0,Marraige Family
888,0,3/26/21,Luxembourg,Child care worker,Indeed,0,Marraige Family
889,"
                    Page 1 de 1 emplois",3/26/21,Luxembourg,Case Aides,Indeed,1,Marraige Family
890,"
                    Page 1 de 2 emplois",3/26/21,Luxembourg,Personal care aides,Indeed,2,Marraige Family
891,0,3/26/21,Luxembourg,psychiatric Technician,Indeed,0,Marraige Family
892,0,3/26/21,Luxembourg,Community health worker,Indeed,0,Public Health
893,0,3/26/21,Luxembourg,Community health advocate,Indeed,0,Public Health
894,0,3/26/21,Luxembourg,Community outreach navigator,Indeed,0,Public Health
895,0,3/26/21,Luxembourg,Health coach,Indeed,0,Public Health
896,0,3/26/21,Luxembourg,Medical registrar,Indeed,0,Public Health
897,0,3/26/21,Luxembourg,Diabetes educator,Indeed,0,Public Health
898,0,3/26/21,Luxembourg,Health promotion specialist,Indeed,0,Public Health
899,0,3/26/21,Luxembourg,Health educator,Indeed,0,Public Health
900,0,3/26/21,South Africa,Commodity trader,Indeed,0,Buisness Administration
901,"
                    Page 1 of 9 jobs",3/26/21,South Africa,Social service assistant,Indeed,9,Marraige Family
902,"
                    Page 1 of 2 jobs",3/26/21,South Africa,Human service assistant,Indeed,2,Marraige Family
903,0,3/26/21,South Africa,Child care worker,Indeed,0,Marraige Family
904,0,3/26/21,South Africa,Case Aides,Indeed,0,Marraige Family
905,0,3/26/21,South Africa,Personal care aides,Indeed,0,Marraige Family
906,0,3/26/21,South Africa,psychiatric Technician,Indeed,0,Marraige Family
907,"
                    Page 1 of 1 jobs",3/26/21,South Africa,Community health worker,Indeed,1,Public Health
908,0,3/26/21,South Africa,Community health advocate,Indeed,0,Public Health
909,0,3/26/21,South Africa,Community outreach navigator,Indeed,0,Public Health
910,"
                    Page 1 of 11 jobs",3/26/21,South Africa,Health coach,Indeed,11,Public Health
911,0,3/26/21,South Africa,Medical registrar,Indeed,0,Public Health
912,0,3/26/21,South Africa,Diabetes educator,Indeed,0,Public Health
913,"
                    Page 1 of 1 jobs",3/26/21,South Africa,Health promotion specialist,Indeed,1,Public Health
914,0,3/26/21,South Africa,Health educator,Indeed,0,Public Health
915,"
                    Page 1 of 10 jobs",3/26/21,United Kingdom,Commodity trader,Indeed,10,Buisness Administration
916,"
                    Page 1 of 20 jobs",3/26/21,United Kingdom,Social service assistant,Indeed,20,Marraige Family
917,"
                    Page 1 of 86 jobs",3/26/21,United Kingdom,Human service assistant,Indeed,86,Marraige Family
918,"
                    Page 1 of 278 jobs",3/26/21,United Kingdom,Child care worker,Indeed,278,Marraige Family
919,"
                    Page 1 of 2 jobs",3/26/21,United Kingdom,Case Aides,Indeed,2,Marraige Family
920,"
                    Page 1 of 3 jobs",3/26/21,United Kingdom,Personal care aides,Indeed,3,Marraige Family
921,0,3/26/21,United Kingdom,psychiatric Technician,Indeed,0,Marraige Family
922,"
                    Page 1 of 935 jobs",3/26/21,United Kingdom,Community health worker,Indeed,935,Public Health
923,"
                    Page 1 of 122 jobs",3/26/21,United Kingdom,Community health advocate,Indeed,122,Public Health
924,"
                    Page 1 of 3 jobs",3/26/21,United Kingdom,Community outreach navigator,Indeed,3,Public Health
925,"
                    Page 1 of 269 jobs",3/26/21,United Kingdom,Health coach,Indeed,269,Public Health
926,"
                    Page 1 of 23 jobs",3/26/21,United Kingdom,Medical registrar,Indeed,23,Public Health
927,0,3/26/21,United Kingdom,Diabetes educator,Indeed,0,Public Health
928,"
                    Page 1 of 96 jobs",3/26/21,United Kingdom,Health promotion specialist,Indeed,96,Public Health
929,"
                    Page 1 of 28 jobs",3/26/21,United Kingdom,Health educator,Indeed,28,Public Health
930,0,3/26/21,New Zealand,Commodity trader,Indeed,0,Buisness Administration
931,"
                    Page 1 of 9 jobs",3/26/21,New Zealand,Social service assistant,Indeed,9,Marraige Family
932,"
                    Page 1 of 4 jobs",3/26/21,New Zealand,Human service assistant,Indeed,4,Marraige Family
933,"
                    Page 1 of 3 jobs",3/26/21,New Zealand,Child care worker,Indeed,3,Marraige Family
934,0,3/26/21,New Zealand,Case Aides,Indeed,0,Marraige Family
935,0,3/26/21,New Zealand,Personal care aides,Indeed,0,Marraige Family
936,0,3/26/21,New Zealand,psychiatric Technician,Indeed,0,Marraige Family
937,"
                    Page 1 of 19 jobs",3/26/21,New Zealand,Community health worker,Indeed,19,Public Health
938,"
                    Page 1 of 1 jobs",3/26/21,New Zealand,Community health advocate,Indeed,1,Public Health
939,0,3/26/21,New Zealand,Community outreach navigator,Indeed,0,Public Health
940,"
                    Page 1 of 10 jobs",3/26/21,New Zealand,Health coach,Indeed,10,Public Health
941,"
                    Page 1 of 10 jobs",3/26/21,New Zealand,Medical registrar,Indeed,10,Public Health
942,"
                    Page 1 of 1 jobs",3/26/21,New Zealand,Diabetes educator,Indeed,1,Public Health
943,"
                    Page 1 of 6 jobs",3/26/21,New Zealand,Health promotion specialist,Indeed,6,Public Health
944,"
                    Page 1 of 4 jobs",3/26/21,New Zealand,Health educator,Indeed,4,Public Health
945,0,3/26/21,Malaysia,Commodity trader,Indeed,0,Buisness Administration
946,"
                    Page 1 of 56 jobs",3/26/21,Malaysia,Social service assistant,Indeed,56,Marraige Family
947,"
                    Page 1 of 10 jobs",3/26/21,Malaysia,Human service assistant,Indeed,10,Marraige Family
948,"
                    Page 1 of 2 jobs",3/26/21,Malaysia,Child care worker,Indeed,2,Marraige Family
949,0,3/26/21,Malaysia,Case Aides,Indeed,0,Marraige Family
950,0,3/26/21,Malaysia,Personal care aides,Indeed,0,Marraige Family
951,0,3/26/21,Malaysia,psychiatric Technician,Indeed,0,Marraige Family
952,0,3/26/21,Malaysia,Community health worker,Indeed,0,Public Health
953,0,3/26/21,Malaysia,Community health advocate,Indeed,0,Public Health
954,0,3/26/21,Malaysia,Community outreach navigator,Indeed,0,Public Health
955,"
                    Page 1 of 13 jobs",3/26/21,Malaysia,Health coach,Indeed,13,Public Health
956,"
                    Page 1 of 1 jobs",3/26/21,Malaysia,Medical registrar,Indeed,1,Public Health
957,0,3/26/21,Malaysia,Diabetes educator,Indeed,0,Public Health
958,"
                    Page 1 of 1 jobs",3/26/21,Malaysia,Health promotion specialist,Indeed,1,Public Health
959,"
                    Page 1 of 1 jobs",3/26/21,Malaysia,Health educator,Indeed,1,Public Health
960,"
                    Page 1 of 15 jobs",3/26/21,India,Commodity trader,Indeed,15,Buisness Administration
961,"
                    Page 1 of 16 jobs",3/26/21,India,Social service assistant,Indeed,16,Marraige Family
962,"
                    Page 1 of 5 jobs",3/26/21,India,Human service assistant,Indeed,5,Marraige Family
963,"
                    Page 1 of 5 jobs",3/26/21,India,Child care worker,Indeed,5,Marraige Family
964,0,3/26/21,India,Case Aides,Indeed,0,Marraige Family
965,"
                    Page 1 of 1 jobs",3/26/21,India,Personal care aides,Indeed,1,Marraige Family
966,0,3/26/21,India,psychiatric Technician,Indeed,0,Marraige Family
967,"
                    Page 1 of 3 jobs",3/26/21,India,Community health worker,Indeed,3,Public Health
968,"
                    Page 1 of 4 jobs",3/26/21,India,Community health advocate,Indeed,4,Public Health
969,0,3/26/21,India,Community outreach navigator,Indeed,0,Public Health
970,"
                    Page 1 of 31 jobs",3/26/21,India,Health coach,Indeed,31,Public Health
971,0,3/26/21,India,Medical registrar,Indeed,0,Public Health
972,0,3/26/21,India,Diabetes educator,Indeed,0,Public Health
973,"
                    Page 1 of 5 jobs",3/26/21,India,Health promotion specialist,Indeed,5,Public Health
974,0,3/26/21,India,Health educator,Indeed,0,Public Health
975,0,3/26/21,Philippines,Commodity trader,Indeed,0,Buisness Administration
976,"
                    Page 1 of 41 jobs",3/26/21,Philippines,Social service assistant,Indeed,41,Marraige Family
977,"
                    Page 1 of 5 jobs",3/26/21,Philippines,Human service assistant,Indeed,5,Marraige Family
978,0,3/26/21,Philippines,Child care worker,Indeed,0,Marraige Family
979,"
                    Page 1 of 2 jobs",3/26/21,Philippines,Case Aides,Indeed,2,Marraige Family
980,"
                    Page 1 of 2 jobs",3/26/21,Philippines,Personal care aides,Indeed,2,Marraige Family
981,0,3/26/21,Philippines,psychiatric Technician,Indeed,0,Marraige Family
982,"
                    Page 1 of 1 jobs",3/26/21,Philippines,Community health worker,Indeed,1,Public Health
983,"
                    Page 1 of 3 jobs",3/26/21,Philippines,Community health advocate,Indeed,3,Public Health
984,0,3/26/21,Philippines,Community outreach navigator,Indeed,0,Public Health
985,"
                    Page 1 of 11 jobs",3/26/21,Philippines,Health coach,Indeed,11,Public Health
986,"
                    Page 1 of 1 jobs",3/26/21,Philippines,Medical registrar,Indeed,1,Public Health
987,0,3/26/21,Philippines,Diabetes educator,Indeed,0,Public Health
988,"
                    Page 1 of 6 jobs",3/26/21,Philippines,Health promotion specialist,Indeed,6,Public Health
989,0,3/26/21,Philippines,Health educator,Indeed,0,Public Health
990,"
                    Page 1 of 1 jobs",3/26/21,Australia,Commodity trader,Indeed,1,Buisness Administration
991,"
                    Page 1 of 71 jobs",3/26/21,Australia,Social service assistant,Indeed,71,Marraige Family
992,"
                    Page 1 of 21 jobs",3/26/21,Australia,Human service assistant,Indeed,21,Marraige Family
993,"
                    Page 1 of 44 jobs",3/26/21,Australia,Child care worker,Indeed,44,Marraige Family
994,"
                    Page 1 of 1 jobs",3/26/21,Australia,Case Aides,Indeed,1,Marraige Family
995,0,3/26/21,Australia,Personal care aides,Indeed,0,Marraige Family
996,"
                    Page 1 of 1 jobs",3/26/21,Australia,psychiatric Technician,Indeed,1,Marraige Family
997,"
                    Page 1 of 297 jobs",3/26/21,Australia,Community health worker,Indeed,297,Public Health
998,"
                    Page 1 of 40 jobs",3/26/21,Australia,Community health advocate,Indeed,40,Public Health
999,0,3/26/21,Australia,Community outreach navigator,Indeed,0,Public Health
1000,"
                    Page 1 of 92 jobs",3/26/21,Australia,Health coach,Indeed,92,Public Health
1001,"
                    Page 1 of 115 jobs",3/26/21,Australia,Medical registrar,Indeed,115,Public Health
1002,"
                    Page 1 of 6 jobs",3/26/21,Australia,Diabetes educator,Indeed,6,Public Health
1003,"
                    Page 1 of 22 jobs",3/26/21,Australia,Health promotion specialist,Indeed,22,Public Health
1004,"
                    Page 1 of 86 jobs",3/26/21,Australia,Health educator,Indeed,86,Public Health
1005,0,3/26/21,Indonesia,Commodity trader,Indeed,0,Buisness Administration
1006,0,3/26/21,Indonesia,Social service assistant,Indeed,0,Marraige Family
1007,0,3/26/21,Indonesia,Human service assistant,Indeed,0,Marraige Family
1008,0,3/26/21,Indonesia,Child care worker,Indeed,0,Marraige Family
1009,0,3/26/21,Indonesia,Case Aides,Indeed,0,Marraige Family
1010,0,3/26/21,Indonesia,Personal care aides,Indeed,0,Marraige Family
1011,0,3/26/21,Indonesia,psychiatric Technician,Indeed,0,Marraige Family
1012,0,3/26/21,Indonesia,Community health worker,Indeed,0,Public Health
1013,0,3/26/21,Indonesia,Community health advocate,Indeed,0,Public Health
1014,0,3/26/21,Indonesia,Community outreach navigator,Indeed,0,Public Health
1015,0,3/26/21,Indonesia,Health coach,Indeed,0,Public Health
1016,0,3/26/21,Indonesia,Medical registrar,Indeed,0,Public Health
1017,0,3/26/21,Indonesia,Diabetes educator,Indeed,0,Public Health
1018,0,3/26/21,Indonesia,Health promotion specialist,Indeed,0,Public Health
1019,0,3/26/21,Indonesia,Health educator,Indeed,0,Public Health
1020,0,3/26/21,Argentina,Commodity trader,Indeed,0,Buisness Administration
1021,"
                    P√°gina 1 de 2 empleos",3/26/21,Argentina,Social service assistant,Indeed,2,Marraige Family
1022,"
                    P√°gina 1 de 2 empleos",3/26/21,Argentina,Human service assistant,Indeed,2,Marraige Family
1023,0,3/26/21,Argentina,Child care worker,Indeed,0,Marraige Family
1024,"
                    P√°gina 1 de 1 empleos",3/26/21,Argentina,Case Aides,Indeed,1,Marraige Family
1025,0,3/26/21,Argentina,Personal care aides,Indeed,0,Marraige Family
1026,0,3/26/21,Argentina,psychiatric Technician,Indeed,0,Marraige Family
1027,0,3/26/21,Argentina,Community health worker,Indeed,0,Public Health
1028,0,3/26/21,Argentina,Community health advocate,Indeed,0,Public Health
1029,0,3/26/21,Argentina,Community outreach navigator,Indeed,0,Public Health
1030,0,3/26/21,Argentina,Health coach,Indeed,0,Public Health
1031,0,3/26/21,Argentina,Medical registrar,Indeed,0,Public Health
1032,0,3/26/21,Argentina,Diabetes educator,Indeed,0,Public Health
1033,0,3/26/21,Argentina,Health promotion specialist,Indeed,0,Public Health
1034,0,3/26/21,Argentina,Health educator,Indeed,0,Public Health
1035,0,3/26/21,Austria,Commodity trader,Indeed,0,Buisness Administration
1036,"
                    Seite 1 von 2 Jobs",3/26/21,Austria,Social service assistant,Indeed,2,Marraige Family
1037,"
                    Seite 1 von 1 Jobs",3/26/21,Austria,Human service assistant,Indeed,1,Marraige Family
1038,0,3/26/21,Austria,Child care worker,Indeed,0,Marraige Family
1039,0,3/26/21,Austria,Case Aides,Indeed,0,Marraige Family
1040,0,3/26/21,Austria,Personal care aides,Indeed,0,Marraige Family
1041,0,3/26/21,Austria,psychiatric Technician,Indeed,0,Marraige Family
1042,0,3/26/21,Austria,Community health worker,Indeed,0,Public Health
1043,0,3/26/21,Austria,Community health advocate,Indeed,0,Public Health
1044,0,3/26/21,Austria,Community outreach navigator,Indeed,0,Public Health
1045,0,3/26/21,Austria,Health coach,Indeed,0,Public Health
1046,0,3/26/21,Austria,Medical registrar,Indeed,0,Public Health
1047,0,3/26/21,Austria,Diabetes educator,Indeed,0,Public Health
1048,0,3/26/21,Austria,Health promotion specialist,Indeed,0,Public Health
1049,0,3/26/21,Austria,Health educator,Indeed,0,Public Health
1050,"
                    Seite 1 von 43 Jobs",3/26/21,Germany,Commodity trader,Indeed,43,Buisness Administration
1051,"
                    Seite 1 von 18 Jobs",3/26/21,Germany,Social service assistant,Indeed,18,Marraige Family
1052,"
                    Seite 1 von 2 Jobs",3/26/21,Germany,Human service assistant,Indeed,2,Marraige Family
1053,"
                    Seite 1 von 21 Jobs",3/26/21,Germany,Child care worker,Indeed,21,Marraige Family
1054,"
                    Seite 1 von 39 Jobs",3/26/21,Germany,Case Aides,Indeed,39,Marraige Family
1055,"
                    Seite 1 von 222 Jobs",3/26/21,Germany,Personal care aides,Indeed,222,Marraige Family
1056,0,3/26/21,Germany,psychiatric Technician,Indeed,0,Marraige Family
1057,0,3/26/21,Germany,Community health worker,Indeed,0,Public Health
1058,0,3/26/21,Germany,Community health advocate,Indeed,0,Public Health
1059,0,3/26/21,Germany,Community outreach navigator,Indeed,0,Public Health
1060,"
                    Seite 1 von 7 Jobs",3/26/21,Germany,Health coach,Indeed,7,Public Health
1061,0,3/26/21,Germany,Medical registrar,Indeed,0,Public Health
1062,0,3/26/21,Germany,Diabetes educator,Indeed,0,Public Health
1063,"
                    Seite 1 von 2 Jobs",3/26/21,Germany,Health promotion specialist,Indeed,2,Public Health
1064,"
                    Seite 1 von 219 Jobs",3/26/21,Germany,Health educator,Indeed,219,Public Health
1065,0,3/26/21,Belgium,Commodity trader,Indeed,0,Buisness Administration
1066,"
                    Pagina 1 van 1 vacatures",3/26/21,Belgium,Social service assistant,Indeed,1,Marraige Family
1067,"
                    Pagina 1 van 2 vacatures",3/26/21,Belgium,Human service assistant,Indeed,2,Marraige Family
1068,"
                    Pagina 1 van 1 vacatures",3/26/21,Belgium,Child care worker,Indeed,1,Marraige Family
1069,0,3/26/21,Belgium,Case Aides,Indeed,0,Marraige Family
1070,"
                    Pagina 1 van 7 vacatures",3/26/21,Belgium,Personal care aides,Indeed,7,Marraige Family
1071,0,3/26/21,Belgium,psychiatric Technician,Indeed,0,Marraige Family
1072,0,3/26/21,Belgium,Community health worker,Indeed,0,Public Health
1073,0,3/26/21,Belgium,Community health advocate,Indeed,0,Public Health
1074,0,3/26/21,Belgium,Community outreach navigator,Indeed,0,Public Health
1075,"
                    Pagina 1 van 2 vacatures",3/26/21,Belgium,Health coach,Indeed,2,Public Health
1076,0,3/26/21,Belgium,Medical registrar,Indeed,0,Public Health
1077,0,3/26/21,Belgium,Diabetes educator,Indeed,0,Public Health
1078,0,3/26/21,Belgium,Health promotion specialist,Indeed,0,Public Health
1079,0,3/26/21,Belgium,Health educator,Indeed,0,Public Health
1080,"
                    P√°gina 1 de 1 vagas",3/26/21,Brazil,Commodity trader,Indeed,1,Buisness Administration
1081,0,3/26/21,Brazil,Social service assistant,Indeed,0,Marraige Family
1082,"
                    P√°gina 1 de 3 vagas",3/26/21,Brazil,Human service assistant,Indeed,3,Marraige Family
1083,0,3/26/21,Brazil,Child care worker,Indeed,0,Marraige Family
1084,0,3/26/21,Brazil,Case Aides,Indeed,0,Marraige Family
1085,"
                    P√°gina 1 de 1 vagas",3/26/21,Brazil,Personal care aides,Indeed,1,Marraige Family
1086,0,3/26/21,Brazil,psychiatric Technician,Indeed,0,Marraige Family
1087,0,3/26/21,Brazil,Community health worker,Indeed,0,Public Health
1088,0,3/26/21,Brazil,Community health advocate,Indeed,0,Public Health
1089,0,3/26/21,Brazil,Community outreach navigator,Indeed,0,Public Health
1090,0,3/26/21,Brazil,Health coach,Indeed,0,Public Health
1091,0,3/26/21,Brazil,Medical registrar,Indeed,0,Public Health
1092,0,3/26/21,Brazil,Diabetes educator,Indeed,0,Public Health
1093,"
                    P√°gina 1 de 1 vagas",3/26/21,Brazil,Health promotion specialist,Indeed,1,Public Health
1094,"
                    P√°gina 1 de 97 vagas",3/26/21,Brazil,Health educator,Indeed,97,Public Health
1095,"
                    P√°gina 1 de 1 ofertas",3/26/21,Portugal,Commodity trader,Indeed,1,Buisness Administration
1096,0,3/26/21,Portugal,Social service assistant,Indeed,0,Marraige Family
1097,0,3/26/21,Portugal,Human service assistant,Indeed,0,Marraige Family
1098,"
                    P√°gina 1 de 2 ofertas",3/26/21,Portugal,Child care worker,Indeed,2,Marraige Family
1099,0,3/26/21,Portugal,Case Aides,Indeed,0,Marraige Family
1100,0,3/26/21,Portugal,Personal care aides,Indeed,0,Marraige Family
1101,0,3/26/21,Portugal,psychiatric Technician,Indeed,0,Marraige Family
1102,0,3/26/21,Portugal,Community health worker,Indeed,0,Public Health
1103,0,3/26/21,Portugal,Community health advocate,Indeed,0,Public Health
1104,0,3/26/21,Portugal,Community outreach navigator,Indeed,0,Public Health
1105,0,3/26/21,Portugal,Health coach,Indeed,0,Public Health
1106,0,3/26/21,Portugal,Medical registrar,Indeed,0,Public Health
1107,0,3/26/21,Portugal,Diabetes educator,Indeed,0,Public Health
1108,0,3/26/21,Portugal,Health promotion specialist,Indeed,0,Public Health
1109,"
                    P√°gina 1 de 2 ofertas",3/26/21,Portugal,Health educator,Indeed,2,Public Health
1110,0,3/26/21,Chile,Commodity trader,Indeed,0,Buisness Administration
1111,0,3/26/21,Chile,Social service assistant,Indeed,0,Marraige Family
1112,0,3/26/21,Chile,Human service assistant,Indeed,0,Marraige Family
1113,0,3/26/21,Chile,Child care worker,Indeed,0,Marraige Family
1114,0,3/26/21,Chile,Case Aides,Indeed,0,Marraige Family
1115,0,3/26/21,Chile,Personal care aides,Indeed,0,Marraige Family
1116,0,3/26/21,Chile,psychiatric Technician,Indeed,0,Marraige Family
1117,"
                    P√°gina 1 de 1 empleos",3/26/21,Chile,Community health worker,Indeed,1,Public Health
1118,0,3/26/21,Chile,Community health advocate,Indeed,0,Public Health
1119,0,3/26/21,Chile,Community outreach navigator,Indeed,0,Public Health
1120,0,3/26/21,Chile,Health coach,Indeed,0,Public Health
1121,0,3/26/21,Chile,Medical registrar,Indeed,0,Public Health
1122,0,3/26/21,Chile,Diabetes educator,Indeed,0,Public Health
1123,0,3/26/21,Chile,Health promotion specialist,Indeed,0,Public Health
1124,0,3/26/21,Chile,Health educator,Indeed,0,Public Health
